split,tensor_index,source_index,binary_label,attack_name,true_label,clean_prediction,adversarial_prediction,clean_correct,attack_success,linf,l2
train,0,37542,0,clean,6,6,6,True,False,0.0,0.0
train,1,44491,0,clean,2,2,2,True,False,0.0,0.0
train,2,216,0,clean,8,8,8,True,False,0.0,0.0
train,3,43688,0,clean,6,6,6,True,False,0.0,0.0
train,4,41558,0,clean,6,6,6,True,False,0.0,0.0
train,5,32245,0,clean,9,9,9,True,False,0.0,0.0
train,6,27206,0,clean,4,4,4,True,False,0.0,0.0
train,7,10863,0,clean,5,5,5,True,False,0.0,0.0
train,8,2190,0,clean,4,4,4,True,False,0.0,0.0
train,9,31849,0,clean,4,4,4,True,False,0.0,0.0
train,10,25408,0,clean,5,5,5,True,False,0.0,0.0
train,11,33504,0,clean,5,5,5,True,False,0.0,0.0
train,12,27102,0,clean,6,6,6,True,False,0.0,0.0
train,13,21934,0,clean,6,6,6,True,False,0.0,0.0
train,14,40181,0,clean,9,9,9,True,False,0.0,0.0
train,15,47682,0,clean,7,7,7,True,False,0.0,0.0
train,16,37542,1,cw,6,6,9,True,True,0.010005444288253784,0.36242154240608215
train,17,44491,1,pgd,2,2,4,True,True,0.03137257695198059,1.269898533821106
train,18,216,1,pgd,8,8,0,True,True,0.03137260675430298,1.356909155845642
train,19,43688,1,pgd,6,6,4,True,True,0.03137257695198059,1.3483412265777588
train,20,41558,1,cw,6,6,3,True,True,0.00499996542930603,0.23355334997177124
train,21,32245,1,pgd,9,9,1,True,True,0.03137260675430298,1.3705095052719116
train,22,27206,1,pgd,4,4,2,True,True,0.03137260675430298,1.4065322875976562
train,23,10863,1,pgd,5,5,3,True,True,0.03137260675430298,1.396452784538269
train,24,2190,1,cw,4,4,7,True,True,0.00499996542930603,0.22846250236034393
train,25,31849,1,fgsm,4,4,7,True,True,0.03137257695198059,1.7367767095565796
train,26,25408,1,cw,5,5,3,True,True,0.010004162788391113,0.37879836559295654
train,27,33504,1,pgd,5,5,6,True,True,0.03137257695198059,1.3270039558410645
train,28,27102,1,fgsm,6,6,3,True,True,0.03137257695198059,1.7388430833816528
train,29,21934,1,cw,6,6,3,True,True,0.00499996542930603,0.2612535357475281
train,30,40181,1,fgsm,9,9,1,True,True,0.03137260675430298,1.7329738140106201
train,31,47682,1,fgsm,7,7,5,True,True,0.03137257695198059,1.7385114431381226
train,32,45747,0,clean,7,7,7,True,False,0.0,0.0
train,33,17004,0,clean,8,8,8,True,False,0.0,0.0
train,34,43777,0,clean,0,0,0,True,False,0.0,0.0
train,35,7433,0,clean,8,8,8,True,False,0.0,0.0
train,36,45129,0,clean,5,5,5,True,False,0.0,0.0
train,37,37684,0,clean,2,2,2,True,False,0.0,0.0
train,38,14817,0,clean,3,3,3,True,False,0.0,0.0
train,39,38215,0,clean,3,3,3,True,False,0.0,0.0
train,40,30883,0,clean,7,7,7,True,False,0.0,0.0
train,41,19763,0,clean,6,6,6,True,False,0.0,0.0
train,42,14041,0,clean,4,4,4,True,False,0.0,0.0
train,43,46578,0,clean,4,4,4,True,False,0.0,0.0
train,44,19871,0,clean,3,3,3,True,False,0.0,0.0
train,45,39339,0,clean,2,2,2,True,False,0.0,0.0
train,46,39292,0,clean,4,4,4,True,False,0.0,0.0
train,47,8205,0,clean,5,5,5,True,False,0.0,0.0
train,48,45747,1,cw,7,7,2,True,True,0.04192167520523071,0.6018252968788147
train,49,17004,1,cw,8,8,0,True,True,0.01000550389289856,0.3393663167953491
train,50,43777,1,fgsm,0,0,8,True,True,0.03137260675430298,1.7386707067489624
train,51,7433,1,cw,8,8,3,True,True,0.015001744031906128,0.568884551525116
train,52,45129,1,fgsm,5,5,3,True,True,0.03137257695198059,1.7388430833816528
train,53,37684,1,cw,2,2,4,True,True,0.00499996542930603,0.16007618606090546
train,54,14817,1,fgsm,3,3,6,True,True,0.03137257695198059,1.7388430833816528
train,55,38215,1,cw,3,3,4,True,True,0.00499996542930603,0.26099538803100586
train,56,30883,1,pgd,7,7,5,True,True,0.03137260675430298,1.411001443862915
train,57,19763,1,pgd,6,6,3,True,True,0.03137260675430298,1.3842471837997437
train,58,14041,1,fgsm,4,4,9,True,True,0.03137257695198059,1.738630771636963
train,59,46578,1,cw,4,4,5,True,True,0.00499996542930603,0.2276550829410553
train,60,19871,1,pgd,3,3,8,True,True,0.03137260675430298,1.3015296459197998
train,61,39339,1,pgd,2,2,3,True,True,0.03137257695198059,1.4349578619003296
train,62,39292,1,cw,4,4,0,True,True,0.00499996542930603,0.25869297981262207
train,63,8205,1,pgd,5,5,2,True,True,0.03137260675430298,1.3139837980270386
train,64,47307,0,clean,9,9,9,True,False,0.0,0.0
train,65,15337,0,clean,9,9,9,True,False,0.0,0.0
train,66,45371,0,clean,8,8,8,True,False,0.0,0.0
train,67,20844,0,clean,1,1,1,True,False,0.0,0.0
train,68,26455,0,clean,3,3,3,True,False,0.0,0.0
train,69,25747,0,clean,6,6,6,True,False,0.0,0.0
train,70,21000,0,clean,0,0,0,True,False,0.0,0.0
train,71,49417,0,clean,9,9,9,True,False,0.0,0.0
train,72,42186,0,clean,6,6,6,True,False,0.0,0.0
train,73,49238,0,clean,9,9,9,True,False,0.0,0.0
train,74,25283,0,clean,7,7,7,True,False,0.0,0.0
train,75,78,0,clean,3,3,3,True,False,0.0,0.0
train,76,6899,0,clean,1,1,1,True,False,0.0,0.0
train,77,15568,0,clean,2,2,2,True,False,0.0,0.0
train,78,11143,0,clean,5,5,5,True,False,0.0,0.0
train,79,35952,0,clean,0,0,0,True,False,0.0,0.0
train,80,47307,1,pgd,9,9,1,True,True,0.03137260675430298,1.4303706884384155
train,81,15337,1,fgsm,9,9,8,True,True,0.03137260675430298,1.7281217575073242
train,82,45371,1,pgd,8,8,1,True,True,0.03137260675430298,1.383030891418457
train,83,20844,1,cw,1,1,9,True,True,0.010003387928009033,0.28872057795524597
train,84,26455,1,fgsm,3,3,4,True,True,0.03137257695198059,1.738776683807373
train,85,25747,1,fgsm,6,6,2,True,True,0.03137257695198059,1.7388430833816528
train,86,21000,1,fgsm,0,0,8,True,True,0.03137257695198059,1.7388430833816528
train,87,49417,1,cw,9,9,5,True,True,0.03403794765472412,0.47303465008735657
train,88,42186,1,cw,6,6,7,True,True,0.010006040334701538,0.22110436856746674
train,89,49238,1,pgd,9,9,0,True,True,0.03137260675430298,1.295094609260559
train,90,25283,1,fgsm,7,7,2,True,True,0.03137260675430298,1.7323392629623413
train,91,78,1,pgd,3,3,7,True,True,0.03137260675430298,1.4110392332077026
train,92,6899,1,pgd,1,1,8,True,True,0.03137260675430298,1.289994478225708
train,93,15568,1,pgd,2,2,4,True,True,0.03137257695198059,1.2680188417434692
train,94,11143,1,cw,5,5,3,True,True,0.00499996542930603,0.19785673916339874
train,95,35952,1,cw,0,0,8,True,True,0.00499996542930603,0.24439187347888947
train,96,37965,0,clean,3,3,3,True,False,0.0,0.0
train,97,33436,0,clean,6,6,6,True,False,0.0,0.0
train,98,30770,0,clean,8,8,8,True,False,0.0,0.0
train,99,9583,0,clean,1,1,1,True,False,0.0,0.0
train,100,35210,0,clean,8,8,8,True,False,0.0,0.0
train,101,4856,0,clean,1,1,1,True,False,0.0,0.0
train,102,8020,0,clean,5,5,5,True,False,0.0,0.0
train,103,44859,0,clean,3,3,3,True,False,0.0,0.0
train,104,4191,0,clean,8,8,8,True,False,0.0,0.0
train,105,19421,0,clean,6,6,6,True,False,0.0,0.0
train,106,34688,0,clean,7,7,7,True,False,0.0,0.0
train,107,29312,0,clean,7,7,7,True,False,0.0,0.0
train,108,20326,0,clean,3,3,3,True,False,0.0,0.0
train,109,17740,0,clean,5,5,5,True,False,0.0,0.0
train,110,4894,0,clean,7,7,7,True,False,0.0,0.0
train,111,20621,0,clean,2,2,2,True,False,0.0,0.0
train,112,37965,1,pgd,3,3,4,True,True,0.03137257695198059,1.3546277284622192
train,113,33436,1,cw,6,6,3,True,True,0.015006452798843384,0.39152243733406067
train,114,30770,1,cw,8,8,9,True,True,0.02614361047744751,0.323074072599411
train,115,9583,1,pgd,1,1,9,True,True,0.03137260675430298,1.4387824535369873
train,116,35210,1,cw,8,8,1,True,True,0.015017449855804443,0.5182288885116577
train,117,4856,1,fgsm,1,1,9,True,True,0.03137260675430298,1.7384804487228394
train,118,8020,1,pgd,5,5,2,True,True,0.03137257695198059,1.3351645469665527
train,119,44859,1,fgsm,3,3,4,True,True,0.03137260675430298,1.737993836402893
train,120,4191,1,fgsm,8,8,0,True,True,0.03137260675430298,1.738776683807373
train,121,19421,1,fgsm,6,6,3,True,True,0.03137257695198059,1.7388430833816528
train,122,34688,1,fgsm,7,7,4,True,True,0.03137260675430298,1.5640913248062134
train,123,29312,1,pgd,7,7,4,True,True,0.03137260675430298,1.444042682647705
train,124,20326,1,pgd,3,3,6,True,True,0.03137260675430298,1.4403876066207886
train,125,17740,1,cw,5,5,2,True,True,0.00499996542930603,0.23873573541641235
train,126,4894,1,cw,7,7,5,True,True,0.036619752645492554,0.5102604627609253
train,127,20621,1,pgd,2,2,0,True,True,0.03137257695198059,1.260140061378479
train,128,2614,0,clean,7,7,7,True,False,0.0,0.0
train,129,46726,0,clean,7,7,7,True,False,0.0,0.0
train,130,19045,0,clean,4,4,4,True,False,0.0,0.0
train,131,5668,0,clean,9,9,9,True,False,0.0,0.0
train,132,6159,0,clean,8,8,8,True,False,0.0,0.0
train,133,47718,0,clean,2,2,2,True,False,0.0,0.0
train,134,7907,0,clean,0,0,0,True,False,0.0,0.0
train,135,5294,0,clean,2,2,2,True,False,0.0,0.0
train,136,42872,0,clean,6,6,6,True,False,0.0,0.0
train,137,24855,0,clean,8,8,8,True,False,0.0,0.0
train,138,20370,0,clean,8,8,8,True,False,0.0,0.0
train,139,21209,0,clean,9,9,9,True,False,0.0,0.0
train,140,32223,0,clean,9,9,9,True,False,0.0,0.0
train,141,43179,0,clean,2,2,2,True,False,0.0,0.0
train,142,44262,0,clean,7,7,7,True,False,0.0,0.0
train,143,38506,0,clean,8,8,8,True,False,0.0,0.0
train,144,2614,1,fgsm,7,7,2,True,True,0.03137260675430298,1.7388430833816528
train,145,46726,1,fgsm,7,7,5,True,True,0.03137260675430298,1.6994966268539429
train,146,19045,1,pgd,4,4,2,True,True,0.03137260675430298,1.3890820741653442
train,147,5668,1,cw,9,9,1,True,True,0.01000148057937622,0.3485512137413025
train,148,6159,1,cw,8,8,0,True,True,0.015000790357589722,0.48010602593421936
train,149,47718,1,cw,2,2,4,True,True,0.00499996542930603,0.2538555860519409
train,150,7907,1,cw,0,0,1,True,True,0.00499996542930603,0.2458505630493164
train,151,5294,1,pgd,2,2,4,True,True,0.03137257695198059,1.3398462533950806
train,152,42872,1,fgsm,6,6,4,True,True,0.03137257695198059,1.7388430833816528
train,153,24855,1,fgsm,8,8,9,True,True,0.03137260675430298,1.6295427083969116
train,154,20370,1,fgsm,8,8,0,True,True,0.03137260675430298,1.7388430833816528
train,155,21209,1,pgd,9,9,1,True,True,0.03137260675430298,1.3943326473236084
train,156,32223,1,pgd,9,9,1,True,True,0.03137260675430298,1.2954424619674683
train,157,43179,1,cw,2,2,4,True,True,0.00499996542930603,0.23095107078552246
train,158,44262,1,fgsm,7,7,3,True,True,0.03137260675430298,1.7268978357315063
train,159,38506,1,fgsm,8,8,2,True,True,0.03137260675430298,1.7339807748794556
train,160,40214,0,clean,5,5,5,True,False,0.0,0.0
train,161,16895,0,clean,2,2,2,True,False,0.0,0.0
train,162,12328,0,clean,0,0,0,True,False,0.0,0.0
train,163,45173,0,clean,9,9,9,True,False,0.0,0.0
train,164,46138,0,clean,8,8,8,True,False,0.0,0.0
train,165,13520,0,clean,9,9,9,True,False,0.0,0.0
train,166,30459,0,clean,3,3,3,True,False,0.0,0.0
train,167,20165,0,clean,9,9,9,True,False,0.0,0.0
train,168,11227,0,clean,9,9,9,True,False,0.0,0.0
train,169,43731,0,clean,0,8,8,False,False,0.0,0.0
train,170,42697,0,clean,1,1,1,True,False,0.0,0.0
train,171,17911,0,clean,7,7,7,True,False,0.0,0.0
train,172,6857,0,clean,2,2,2,True,False,0.0,0.0
train,173,33366,0,clean,6,6,6,True,False,0.0,0.0
train,174,32393,0,clean,5,5,5,True,False,0.0,0.0
train,175,2860,0,clean,2,2,2,True,False,0.0,0.0
train,176,40214,1,fgsm,5,5,3,True,True,0.03137260675430298,1.7264167070388794
train,177,16895,1,pgd,2,2,5,True,True,0.03137257695198059,1.3368902206420898
train,178,12328,1,fgsm,0,0,2,True,True,0.03137260675430298,1.7315890789031982
train,179,45173,1,fgsm,9,9,2,True,True,0.03137260675430298,1.5475643873214722
train,180,46138,1,pgd,8,8,4,True,True,0.03137260675430298,1.337689995765686
train,181,13520,1,cw,9,9,1,True,True,0.04855048656463623,0.6749939322471619
train,182,30459,1,fgsm,3,3,6,True,True,0.03137257695198059,1.6985055208206177
train,183,20165,1,pgd,9,9,2,True,True,0.03137257695198059,1.43764066696167
train,184,11227,1,fgsm,9,9,1,True,True,0.03137260675430298,1.7369494438171387
train,185,43731,1,cw,0,8,8,False,False,0.00021755695343017578,0.0022888868115842342
train,186,42697,1,cw,1,1,9,True,True,0.010005265474319458,0.33417052030563354
train,187,17911,1,fgsm,7,7,5,True,True,0.03137260675430298,1.7176156044006348
train,188,6857,1,cw,2,2,4,True,True,0.00499996542930603,0.2183106243610382
train,189,33366,1,fgsm,6,6,4,True,True,0.03137257695198059,1.7388430833816528
train,190,32393,1,cw,5,5,7,True,True,0.010003983974456787,0.3508150279521942
train,191,2860,1,fgsm,2,2,3,True,True,0.03137260675430298,1.7388430833816528
train,192,19849,0,clean,7,7,7,True,False,0.0,0.0
train,193,43759,0,clean,5,5,5,True,False,0.0,0.0
train,194,3139,0,clean,6,6,6,True,False,0.0,0.0
train,195,6468,0,clean,8,8,8,True,False,0.0,0.0
train,196,29670,0,clean,4,4,4,True,False,0.0,0.0
train,197,7952,0,clean,2,2,2,True,False,0.0,0.0
train,198,25577,0,clean,8,8,8,True,False,0.0,0.0
train,199,16817,0,clean,3,3,3,True,False,0.0,0.0
train,200,27801,0,clean,4,4,4,True,False,0.0,0.0
train,201,28896,0,clean,1,1,1,True,False,0.0,0.0
train,202,19279,0,clean,9,9,9,True,False,0.0,0.0
train,203,5004,0,clean,5,5,5,True,False,0.0,0.0
train,204,19713,0,clean,8,8,8,True,False,0.0,0.0
train,205,33819,0,clean,0,0,0,True,False,0.0,0.0
train,206,49625,0,clean,8,8,8,True,False,0.0,0.0
train,207,2477,0,clean,9,9,9,True,False,0.0,0.0
train,208,19849,1,pgd,7,7,4,True,True,0.03137260675430298,1.3977503776550293
train,209,43759,1,cw,5,5,3,True,True,0.00499996542930603,0.19686934351921082
train,210,3139,1,fgsm,6,6,4,True,True,0.03137257695198059,1.7355455160140991
train,211,6468,1,fgsm,8,8,1,True,True,0.03137260675430298,1.7333465814590454
train,212,29670,1,fgsm,4,4,5,True,True,0.03137257695198059,1.7388430833816528
train,213,7952,1,pgd,2,2,7,True,True,0.03137260675430298,1.3319658041000366
train,214,25577,1,cw,8,8,0,True,True,0.00499996542930603,0.26160964369773865
train,215,16817,1,pgd,3,3,6,True,True,0.03137257695198059,1.264767050743103
train,216,27801,1,pgd,4,4,3,True,True,0.03137257695198059,1.381356954574585
train,217,28896,1,pgd,1,1,8,True,True,0.03137260675430298,1.3165171146392822
train,218,19279,1,fgsm,9,9,8,True,True,0.03137260675430298,1.7351112365722656
train,219,5004,1,fgsm,5,5,3,True,True,0.03137260675430298,1.7303096055984497
train,220,19713,1,fgsm,8,8,2,True,True,0.03137260675430298,1.7372725009918213
train,221,33819,1,fgsm,0,0,9,True,True,0.03137260675430298,1.7341315746307373
train,222,49625,1,pgd,8,8,1,True,True,0.03137260675430298,1.3415265083312988
train,223,2477,1,fgsm,9,9,1,True,True,0.03137260675430298,1.7183810472488403
train,224,25719,0,clean,0,0,0,True,False,0.0,0.0
train,225,37877,0,clean,0,0,0,True,False,0.0,0.0
train,226,13626,0,clean,2,0,0,False,False,0.0,0.0
train,227,23084,0,clean,6,6,6,True,False,0.0,0.0
train,228,1540,0,clean,0,0,0,True,False,0.0,0.0
train,229,35115,0,clean,8,8,8,True,False,0.0,0.0
train,230,38527,0,clean,6,6,6,True,False,0.0,0.0
train,231,48710,0,clean,6,6,6,True,False,0.0,0.0
train,232,22399,0,clean,1,1,1,True,False,0.0,0.0
train,233,1907,0,clean,1,1,1,True,False,0.0,0.0
train,234,35869,0,clean,7,7,7,True,False,0.0,0.0
train,235,26348,0,clean,9,9,9,True,False,0.0,0.0
train,236,49760,0,clean,7,7,7,True,False,0.0,0.0
train,237,43079,0,clean,7,7,7,True,False,0.0,0.0
train,238,14963,0,clean,5,5,5,True,False,0.0,0.0
train,239,46994,0,clean,4,4,4,True,False,0.0,0.0
train,240,25719,1,cw,0,0,9,True,True,0.00499996542930603,0.21257533133029938
train,241,37877,1,pgd,0,0,2,True,True,0.03137260675430298,1.4220136404037476
train,242,13626,1,fgsm,2,0,0,False,False,0.03137260675430298,1.732410192489624
train,243,23084,1,cw,6,6,2,True,True,0.00499996542930603,0.2419988512992859
train,244,1540,1,pgd,0,0,2,True,True,0.03137260675430298,1.381239652633667
train,245,35115,1,fgsm,8,8,2,True,True,0.03137260675430298,1.7384980916976929
train,246,38527,1,cw,6,6,8,True,True,0.00499996542930603,0.22548943758010864
train,247,48710,1,cw,6,6,5,True,True,0.00499996542930603,0.21587958931922913
train,248,22399,1,cw,1,1,8,True,True,0.010006427764892578,0.3950860798358917
train,249,1907,1,pgd,1,1,2,True,True,0.03137260675430298,1.3706086874008179
train,250,35869,1,fgsm,7,7,5,True,True,0.03137257695198059,1.7388430833816528
train,251,26348,1,pgd,9,9,1,True,True,0.03137260675430298,1.4596904516220093
train,252,49760,1,cw,7,7,5,True,True,0.00499996542930603,0.21431659162044525
train,253,43079,1,fgsm,7,7,3,True,True,0.03137260675430298,1.729882836341858
train,254,14963,1,pgd,5,5,4,True,True,0.03137260675430298,1.2765989303588867
train,255,46994,1,pgd,4,4,5,True,True,0.03137257695198059,1.3335548639297485
train,256,1499,0,clean,3,3,3,True,False,0.0,0.0
train,257,36242,0,clean,2,2,2,True,False,0.0,0.0
train,258,38017,0,clean,9,9,9,True,False,0.0,0.0
train,259,21469,0,clean,0,0,0,True,False,0.0,0.0
train,260,17152,0,clean,5,5,5,True,False,0.0,0.0
train,261,28914,0,clean,7,7,7,True,False,0.0,0.0
train,262,18402,0,clean,0,0,0,True,False,0.0,0.0
train,263,37833,0,clean,9,9,9,True,False,0.0,0.0
train,264,15968,0,clean,5,5,5,True,False,0.0,0.0
train,265,42387,0,clean,9,9,9,True,False,0.0,0.0
train,266,28214,0,clean,3,3,3,True,False,0.0,0.0
train,267,15104,0,clean,9,9,9,True,False,0.0,0.0
train,268,29119,0,clean,6,6,6,True,False,0.0,0.0
train,269,49456,0,clean,7,7,7,True,False,0.0,0.0
train,270,8253,0,clean,6,6,6,True,False,0.0,0.0
train,271,37588,0,clean,1,1,1,True,False,0.0,0.0
train,272,1499,1,cw,3,3,2,True,True,0.01642709970474243,0.15027154982089996
train,273,36242,1,fgsm,2,2,5,True,True,0.03137257695198059,1.7366173267364502
train,274,38017,1,pgd,9,9,1,True,True,0.03137257695198059,1.3741793632507324
train,275,21469,1,pgd,0,0,2,True,True,0.03137260675430298,1.3599501848220825
train,276,17152,1,fgsm,5,5,3,True,True,0.03137260675430298,1.7388430833816528
train,277,28914,1,cw,7,7,5,True,True,0.010005027055740356,0.4163331687450409
train,278,18402,1,cw,0,0,2,True,True,0.00499996542930603,0.2500022053718567
train,279,37833,1,fgsm,9,9,1,True,True,0.03137260675430298,1.737626552581787
train,280,15968,1,pgd,5,5,3,True,True,0.03137260675430298,1.407913327217102
train,281,42387,1,pgd,9,9,1,True,True,0.03137257695198059,1.3800218105316162
train,282,28214,1,fgsm,3,3,5,True,True,0.03137260675430298,1.698700189590454
train,283,15104,1,cw,9,9,0,True,True,0.00499996542930603,0.20990997552871704
train,284,29119,1,pgd,6,6,8,True,True,0.03137260675430298,1.3622126579284668
train,285,49456,1,fgsm,7,7,4,True,True,0.03137257695198059,1.738776683807373
train,286,8253,1,fgsm,6,6,9,True,True,0.03137260675430298,1.7388430833816528
train,287,37588,1,pgd,1,1,9,True,True,0.03137260675430298,1.3775871992111206
train,288,35879,0,clean,5,5,5,True,False,0.0,0.0
train,289,48267,0,clean,6,6,6,True,False,0.0,0.0
train,290,37108,0,clean,5,5,5,True,False,0.0,0.0
train,291,39875,0,clean,0,0,0,True,False,0.0,0.0
train,292,42220,0,clean,8,8,8,True,False,0.0,0.0
train,293,22170,0,clean,2,2,2,True,False,0.0,0.0
train,294,33422,0,clean,3,3,3,True,False,0.0,0.0
train,295,8464,0,clean,5,5,5,True,False,0.0,0.0
train,296,31904,0,clean,0,0,0,True,False,0.0,0.0
train,297,16734,0,clean,0,0,0,True,False,0.0,0.0
train,298,2006,0,clean,0,0,0,True,False,0.0,0.0
train,299,3612,0,clean,4,4,4,True,False,0.0,0.0
train,300,17250,0,clean,8,8,8,True,False,0.0,0.0
train,301,12881,0,clean,1,1,1,True,False,0.0,0.0
train,302,31430,0,clean,6,6,6,True,False,0.0,0.0
train,303,8397,0,clean,8,8,8,True,False,0.0,0.0
train,304,35879,1,cw,5,5,2,True,True,0.00499996542930603,0.17619936168193817
train,305,48267,1,pgd,6,6,4,True,True,0.03137257695198059,1.296215534210205
train,306,37108,1,pgd,5,5,3,True,True,0.03137257695198059,1.3575356006622314
train,307,39875,1,cw,0,0,9,True,True,0.00499996542930603,0.2337910234928131
train,308,42220,1,pgd,8,8,4,True,True,0.03137257695198059,1.294988751411438
train,309,22170,1,fgsm,2,2,4,True,True,0.03137260675430298,1.7388430833816528
train,310,33422,1,cw,3,3,5,True,True,0.029784679412841797,0.4056284725666046
train,311,8464,1,pgd,5,5,3,True,True,0.03137260675430298,1.4127979278564453
train,312,31904,1,pgd,0,0,2,True,True,0.03137257695198059,1.3915523290634155
train,313,16734,1,fgsm,0,0,2,True,True,0.03137257695198059,1.738776683807373
train,314,2006,1,cw,0,0,4,True,True,0.00499996542930603,0.21548917889595032
train,315,3612,1,cw,4,4,3,True,True,0.010004997253417969,0.3928341865539551
train,316,17250,1,cw,8,8,9,True,True,0.00499996542930603,0.22002053260803223
train,317,12881,1,pgd,1,1,8,True,True,0.03137260675430298,1.4357218742370605
train,318,31430,1,cw,6,6,3,True,True,0.015010058879852295,0.5487120747566223
train,319,8397,1,pgd,8,8,4,True,True,0.03137257695198059,1.2871795892715454
train,320,1606,0,clean,2,2,2,True,False,0.0,0.0
train,321,31774,0,clean,9,9,9,True,False,0.0,0.0
train,322,46893,0,clean,1,1,1,True,False,0.0,0.0
train,323,39589,0,clean,0,0,0,True,False,0.0,0.0
train,324,23145,0,clean,3,3,3,True,False,0.0,0.0
train,325,40123,0,clean,8,8,8,True,False,0.0,0.0
train,326,40387,0,clean,9,9,9,True,False,0.0,0.0
train,327,39598,0,clean,8,8,8,True,False,0.0,0.0
train,328,11974,0,clean,7,7,7,True,False,0.0,0.0
train,329,43837,0,clean,6,6,6,True,False,0.0,0.0
train,330,16665,0,clean,7,7,7,True,False,0.0,0.0
train,331,29953,0,clean,1,1,1,True,False,0.0,0.0
train,332,1738,0,clean,7,7,7,True,False,0.0,0.0
train,333,22288,0,clean,4,4,4,True,False,0.0,0.0
train,334,1179,0,clean,7,7,7,True,False,0.0,0.0
train,335,15459,0,clean,7,7,7,True,False,0.0,0.0
train,336,1606,1,cw,2,2,5,True,True,0.00499996542930603,0.2382366955280304
train,337,31774,1,cw,9,9,1,True,True,0.00499996542930603,0.24000675976276398
train,338,46893,1,pgd,1,1,9,True,True,0.03137260675430298,1.37235426902771
train,339,39589,1,pgd,0,0,2,True,True,0.03137260675430298,1.3521521091461182
train,340,23145,1,cw,3,3,5,True,True,0.00499996542930603,0.21121183037757874
train,341,40123,1,pgd,8,8,2,True,True,0.03137260675430298,1.4241085052490234
train,342,40387,1,fgsm,9,9,1,True,True,0.03137260675430298,1.7362276315689087
train,343,39598,1,fgsm,8,8,9,True,True,0.03137260675430298,1.738776683807373
train,344,11974,1,pgd,7,7,5,True,True,0.03137260675430298,1.3786914348602295
train,345,43837,1,pgd,6,6,9,True,True,0.03137257695198059,1.409601092338562
train,346,16665,1,fgsm,7,7,4,True,True,0.03137260675430298,1.7311758995056152
train,347,29953,1,cw,1,1,9,True,True,0.020038694143295288,0.6987446546554565
train,348,1738,1,fgsm,7,7,2,True,True,0.03137260675430298,1.7334574460983276
train,349,22288,1,cw,4,4,5,True,True,0.00499996542930603,0.2529352605342865
train,350,1179,1,fgsm,7,7,4,True,True,0.03137257695198059,1.7388430833816528
train,351,15459,1,fgsm,7,7,5,True,True,0.03137260675430298,1.7384406328201294
train,352,10378,0,clean,2,2,2,True,False,0.0,0.0
train,353,35760,0,clean,4,4,4,True,False,0.0,0.0
train,354,43672,0,clean,2,2,2,True,False,0.0,0.0
train,355,17550,0,clean,4,4,4,True,False,0.0,0.0
train,356,9328,0,clean,0,0,0,True,False,0.0,0.0
train,357,34575,0,clean,4,4,4,True,False,0.0,0.0
train,358,4565,0,clean,1,1,1,True,False,0.0,0.0
train,359,860,0,clean,8,8,8,True,False,0.0,0.0
train,360,15992,0,clean,0,0,0,True,False,0.0,0.0
train,361,16671,0,clean,2,2,2,True,False,0.0,0.0
train,362,18509,0,clean,6,6,6,True,False,0.0,0.0
train,363,2586,0,clean,8,8,8,True,False,0.0,0.0
train,364,26334,0,clean,8,8,8,True,False,0.0,0.0
train,365,28189,0,clean,9,9,9,True,False,0.0,0.0
train,366,25952,0,clean,7,7,7,True,False,0.0,0.0
train,367,26971,0,clean,5,5,5,True,False,0.0,0.0
train,368,10378,1,fgsm,2,2,8,True,True,0.03137260675430298,1.6680039167404175
train,369,35760,1,pgd,4,4,2,True,True,0.03137260675430298,1.3374533653259277
train,370,43672,1,cw,2,2,5,True,True,0.00499996542930603,0.2516513466835022
train,371,17550,1,fgsm,4,4,2,True,True,0.03137260675430298,1.7378920316696167
train,372,9328,1,fgsm,0,0,2,True,True,0.03137260675430298,1.697627067565918
train,373,34575,1,fgsm,4,4,2,True,True,0.03137260675430298,1.7385865449905396
train,374,4565,1,cw,1,1,9,True,True,0.019980818033218384,0.6820176839828491
train,375,860,1,fgsm,8,8,8,True,False,0.03137260675430298,1.6210694313049316
train,376,15992,1,pgd,0,0,8,True,True,0.03137260675430298,1.4144724607467651
train,377,16671,1,pgd,2,2,8,True,True,0.03137260675430298,1.3107317686080933
train,378,18509,1,cw,6,6,3,True,True,0.00499996542930603,0.20201465487480164
train,379,2586,1,cw,8,8,9,True,True,0.015006035566329956,0.5747194290161133
train,380,26334,1,cw,8,8,1,True,True,0.010005414485931396,0.3985585868358612
train,381,28189,1,fgsm,9,9,0,True,True,0.03137260675430298,1.7159225940704346
train,382,25952,1,fgsm,7,7,3,True,True,0.03137257695198059,1.7388430833816528
train,383,26971,1,pgd,5,5,7,True,True,0.03137257695198059,1.3276084661483765
train,384,24984,0,clean,8,8,8,True,False,0.0,0.0
train,385,1489,0,clean,7,7,7,True,False,0.0,0.0
train,386,27288,0,clean,7,7,7,True,False,0.0,0.0
train,387,37258,0,clean,8,8,8,True,False,0.0,0.0
train,388,4141,0,clean,0,0,0,True,False,0.0,0.0
train,389,49867,0,clean,5,5,5,True,False,0.0,0.0
train,390,32546,0,clean,7,7,7,True,False,0.0,0.0
train,391,39397,0,clean,0,0,0,True,False,0.0,0.0
train,392,29526,0,clean,7,7,7,True,False,0.0,0.0
train,393,4016,0,clean,7,7,7,True,False,0.0,0.0
train,394,49472,0,clean,5,5,5,True,False,0.0,0.0
train,395,22771,0,clean,5,5,5,True,False,0.0,0.0
train,396,29915,0,clean,8,8,8,True,False,0.0,0.0
train,397,10097,0,clean,6,6,6,True,False,0.0,0.0
train,398,31097,0,clean,8,8,8,True,False,0.0,0.0
train,399,37370,0,clean,3,3,3,True,False,0.0,0.0
train,400,24984,1,pgd,8,8,2,True,True,0.03137257695198059,1.3805725574493408
train,401,1489,1,cw,7,7,5,True,True,0.00499996542930603,0.198590487241745
train,402,27288,1,pgd,7,7,4,True,True,0.03137257695198059,1.3898810148239136
train,403,37258,1,fgsm,8,8,9,True,True,0.03137260675430298,1.696593999862671
train,404,4141,1,pgd,0,0,2,True,True,0.03137257695198059,1.33493173122406
train,405,49867,1,cw,5,5,3,True,True,0.01000550389289856,0.30833694338798523
train,406,32546,1,cw,7,7,5,True,True,0.010005921125411987,0.394446462392807
train,407,39397,1,pgd,0,0,2,True,True,0.03137257695198059,1.290345549583435
train,408,29526,1,fgsm,7,7,4,True,True,0.03137260675430298,1.7355189323425293
train,409,4016,1,pgd,7,7,2,True,True,0.03137260675430298,1.4465609788894653
train,410,49472,1,pgd,5,5,3,True,True,0.03137260675430298,1.3486274480819702
train,411,22771,1,cw,5,5,3,True,True,0.027726441621780396,0.3071613609790802
train,412,29915,1,cw,8,8,0,True,True,0.00499996542930603,0.20999771356582642
train,413,10097,1,cw,6,6,2,True,True,0.010005682706832886,0.36360105872154236
train,414,31097,1,pgd,8,8,9,True,True,0.03137260675430298,1.3312833309173584
train,415,37370,1,fgsm,3,3,6,True,True,0.03137260675430298,1.7388430833816528
train,416,1837,0,clean,6,6,6,True,False,0.0,0.0
train,417,36007,0,clean,0,0,0,True,False,0.0,0.0
train,418,18024,0,clean,6,6,6,True,False,0.0,0.0
train,419,4410,0,clean,0,0,0,True,False,0.0,0.0
train,420,36452,0,clean,7,7,7,True,False,0.0,0.0
train,421,19445,0,clean,0,0,0,True,False,0.0,0.0
train,422,16168,0,clean,5,5,5,True,False,0.0,0.0
train,423,7925,0,clean,0,0,0,True,False,0.0,0.0
train,424,44235,0,clean,1,1,1,True,False,0.0,0.0
train,425,26908,0,clean,9,9,9,True,False,0.0,0.0
train,426,24163,0,clean,0,0,0,True,False,0.0,0.0
train,427,23101,0,clean,6,6,6,True,False,0.0,0.0
train,428,23018,0,clean,3,3,3,True,False,0.0,0.0
train,429,26865,0,clean,4,4,4,True,False,0.0,0.0
train,430,28391,0,clean,9,9,9,True,False,0.0,0.0
train,431,22104,0,clean,2,2,2,True,False,0.0,0.0
train,432,1837,1,pgd,6,6,3,True,True,0.03137257695198059,1.42332124710083
train,433,36007,1,fgsm,0,0,3,True,True,0.03137260675430298,1.7203397750854492
train,434,18024,1,pgd,6,6,4,True,True,0.03137257695198059,1.481136441230774
train,435,4410,1,pgd,0,0,2,True,True,0.03137260675430298,1.3791136741638184
train,436,36452,1,fgsm,7,7,3,True,True,0.03137260675430298,1.7336747646331787
train,437,19445,1,fgsm,0,0,2,True,True,0.03137260675430298,1.7388430833816528
train,438,16168,1,pgd,5,5,3,True,True,0.03137260675430298,1.34430992603302
train,439,7925,1,pgd,0,0,2,True,True,0.03137260675430298,1.3456237316131592
train,440,44235,1,fgsm,1,1,9,True,True,0.03137260675430298,1.7382371425628662
train,441,26908,1,cw,9,9,8,True,True,0.03524482250213623,0.36087673902511597
train,442,24163,1,cw,0,0,2,True,True,0.05372047424316406,0.7604684829711914
train,443,23101,1,fgsm,6,6,8,True,True,0.03137260675430298,1.6417888402938843
train,444,23018,1,cw,3,3,5,True,True,0.00499996542930603,0.233052596449852
train,445,26865,1,cw,4,4,3,True,True,0.00499996542930603,0.2351529598236084
train,446,28391,1,pgd,9,9,1,True,True,0.03137260675430298,1.4132702350616455
train,447,22104,1,cw,2,2,8,True,True,0.014998167753219604,0.5228933095932007
train,448,40273,0,clean,6,6,6,True,False,0.0,0.0
train,449,2076,0,clean,2,2,2,True,False,0.0,0.0
train,450,10262,0,clean,4,4,4,True,False,0.0,0.0
train,451,28018,0,clean,1,1,1,True,False,0.0,0.0
train,452,10692,0,clean,5,5,5,True,False,0.0,0.0
train,453,29204,0,clean,5,5,5,True,False,0.0,0.0
train,454,41645,0,clean,6,6,6,True,False,0.0,0.0
train,455,2220,0,clean,8,8,8,True,False,0.0,0.0
train,456,36131,0,clean,8,8,8,True,False,0.0,0.0
train,457,37055,0,clean,7,7,7,True,False,0.0,0.0
train,458,30167,0,clean,7,7,7,True,False,0.0,0.0
train,459,44140,0,clean,2,3,3,False,False,0.0,0.0
train,460,41733,0,clean,1,1,1,True,False,0.0,0.0
train,461,27532,0,clean,8,8,8,True,False,0.0,0.0
train,462,36428,0,clean,4,4,4,True,False,0.0,0.0
train,463,42068,0,clean,8,8,8,True,False,0.0,0.0
train,464,40273,1,pgd,6,6,2,True,True,0.03137260675430298,1.4003791809082031
train,465,2076,1,cw,2,2,6,True,True,0.014993339776992798,0.5702113509178162
train,466,10262,1,pgd,4,4,5,True,True,0.03137257695198059,1.325626254081726
train,467,28018,1,pgd,1,1,8,True,True,0.03137260675430298,1.36406672000885
train,468,10692,1,fgsm,5,5,3,True,True,0.03137257695198059,1.7368077039718628
train,469,29204,1,pgd,5,5,3,True,True,0.03137260675430298,1.4675565958023071
train,470,41645,1,pgd,6,6,2,True,True,0.03137257695198059,1.3814188241958618
train,471,2220,1,fgsm,8,8,9,True,True,0.03137260675430298,1.7344818115234375
train,472,36131,1,fgsm,8,8,2,True,True,0.03137260675430298,1.7364003658294678
train,473,37055,1,fgsm,7,7,6,True,True,0.03137257695198059,1.7388430833816528
train,474,30167,1,fgsm,7,7,2,True,True,0.03137260675430298,1.6468113660812378
train,475,44140,1,pgd,2,3,3,False,False,0.03137257695198059,1.2958072423934937
train,476,41733,1,pgd,1,1,9,True,True,0.03137257695198059,1.4089823961257935
train,477,27532,1,cw,8,8,0,True,True,0.01000601053237915,0.4178954064846039
train,478,36428,1,cw,4,4,3,True,True,0.00499996542930603,0.22713114321231842
train,479,42068,1,pgd,8,8,2,True,True,0.03137260675430298,1.3870738744735718
train,480,5641,0,clean,8,8,8,True,False,0.0,0.0
train,481,3665,0,clean,0,0,0,True,False,0.0,0.0
train,482,1301,0,clean,1,1,1,True,False,0.0,0.0
train,483,11284,0,clean,7,7,7,True,False,0.0,0.0
train,484,12546,0,clean,3,3,3,True,False,0.0,0.0
train,485,27125,0,clean,5,5,5,True,False,0.0,0.0
train,486,6654,0,clean,4,4,4,True,False,0.0,0.0
train,487,1875,0,clean,5,5,5,True,False,0.0,0.0
train,488,4216,0,clean,7,7,7,True,False,0.0,0.0
train,489,30733,0,clean,9,9,9,True,False,0.0,0.0
train,490,32263,0,clean,0,0,0,True,False,0.0,0.0
train,491,46295,0,clean,3,3,3,True,False,0.0,0.0
train,492,43671,0,clean,7,7,7,True,False,0.0,0.0
train,493,23012,0,clean,1,1,1,True,False,0.0,0.0
train,494,35460,0,clean,2,2,2,True,False,0.0,0.0
train,495,35863,0,clean,1,1,1,True,False,0.0,0.0
train,496,5641,1,pgd,8,8,0,True,True,0.03137260675430298,1.3756394386291504
train,497,3665,1,cw,0,0,4,True,True,0.00499996542930603,0.2129928022623062
train,498,1301,1,cw,1,1,9,True,True,0.010004132986068726,0.41106873750686646
train,499,11284,1,fgsm,7,7,5,True,True,0.03137260675430298,1.7388430833816528
train,500,12546,1,pgd,3,3,5,True,True,0.03137257695198059,1.393543004989624
train,501,27125,1,pgd,5,5,7,True,True,0.03137260675430298,1.2775896787643433
train,502,6654,1,pgd,4,4,5,True,True,0.03137257695198059,1.2987216711044312
train,503,1875,1,pgd,5,5,3,True,True,0.03137257695198059,1.3123915195465088
train,504,4216,1,cw,7,7,5,True,True,0.010006099939346313,0.36047613620758057
train,505,30733,1,cw,9,9,8,True,True,0.015016317367553711,0.4763181805610657
train,506,32263,1,pgd,0,0,2,True,True,0.03137257695198059,1.3980995416641235
train,507,46295,1,pgd,3,3,4,True,True,0.03137257695198059,1.4032622575759888
train,508,43671,1,cw,7,7,5,True,True,0.031663477420806885,0.34250006079673767
train,509,23012,1,fgsm,1,1,9,True,True,0.03137260675430298,1.7385998964309692
train,510,35460,1,cw,2,2,4,True,True,0.010006040334701538,0.41743069887161255
train,511,35863,1,fgsm,1,1,9,True,True,0.03137260675430298,1.733603835105896
train,512,13030,0,clean,0,0,0,True,False,0.0,0.0
train,513,45262,0,clean,0,0,0,True,False,0.0,0.0
train,514,21009,0,clean,5,5,5,True,False,0.0,0.0
train,515,40905,0,clean,5,3,3,False,False,0.0,0.0
train,516,37780,0,clean,9,9,9,True,False,0.0,0.0
train,517,5919,0,clean,4,4,4,True,False,0.0,0.0
train,518,20924,0,clean,0,0,0,True,False,0.0,0.0
train,519,16197,0,clean,1,1,1,True,False,0.0,0.0
train,520,770,0,clean,6,6,6,True,False,0.0,0.0
train,521,32651,0,clean,8,8,8,True,False,0.0,0.0
train,522,1885,0,clean,0,0,0,True,False,0.0,0.0
train,523,40288,0,clean,2,2,2,True,False,0.0,0.0
train,524,40126,0,clean,2,2,2,True,False,0.0,0.0
train,525,14453,0,clean,5,5,5,True,False,0.0,0.0
train,526,32817,0,clean,5,5,5,True,False,0.0,0.0
train,527,5728,0,clean,6,6,6,True,False,0.0,0.0
train,528,13030,1,fgsm,0,0,1,True,True,0.03137260675430298,1.7189089059829712
train,529,45262,1,cw,0,0,8,True,True,0.00499996542930603,0.20560228824615479
train,530,21009,1,fgsm,5,5,4,True,True,0.03137260675430298,1.7388430833816528
train,531,40905,1,pgd,5,3,3,False,False,0.03137260675430298,1.3800735473632812
train,532,37780,1,cw,9,9,1,True,True,0.027025431394577026,0.37606993317604065
train,533,5919,1,pgd,4,4,6,True,True,0.03137257695198059,1.3386050462722778
train,534,20924,1,fgsm,0,0,4,True,True,0.03137260675430298,1.6150959730148315
train,535,16197,1,pgd,1,1,0,True,True,0.03137257695198059,1.3524426221847534
train,536,770,1,pgd,6,6,2,True,True,0.03137257695198059,1.4140088558197021
train,537,32651,1,fgsm,8,8,9,True,True,0.03137260675430298,1.7226804494857788
train,538,1885,1,fgsm,0,0,8,True,True,0.03137260675430298,1.7375069856643677
train,539,40288,1,cw,2,2,3,True,True,0.00499996542930603,0.23967473208904266
train,540,40126,1,fgsm,2,2,4,True,True,0.03137257695198059,1.6383804082870483
train,541,14453,1,pgd,5,5,3,True,True,0.03137257695198059,1.3981043100357056
train,542,32817,1,fgsm,5,5,3,True,True,0.03137260675430298,1.7388430833816528
train,543,5728,1,cw,6,6,3,True,True,0.004999697208404541,0.211933434009552
train,544,26543,0,clean,5,5,5,True,False,0.0,0.0
train,545,39539,0,clean,5,5,5,True,False,0.0,0.0
train,546,31260,0,clean,3,3,3,True,False,0.0,0.0
train,547,5705,0,clean,3,3,3,True,False,0.0,0.0
train,548,46148,0,clean,0,0,0,True,False,0.0,0.0
train,549,12939,0,clean,6,6,6,True,False,0.0,0.0
train,550,8426,0,clean,1,1,1,True,False,0.0,0.0
train,551,27979,0,clean,9,9,9,True,False,0.0,0.0
train,552,8867,0,clean,6,6,6,True,False,0.0,0.0
train,553,17506,0,clean,2,2,2,True,False,0.0,0.0
train,554,30515,0,clean,8,8,8,True,False,0.0,0.0
train,555,27369,0,clean,9,9,9,True,False,0.0,0.0
train,556,16121,0,clean,8,8,8,True,False,0.0,0.0
train,557,16357,0,clean,2,2,2,True,False,0.0,0.0
train,558,46796,0,clean,1,1,1,True,False,0.0,0.0
train,559,681,0,clean,5,5,5,True,False,0.0,0.0
train,560,26543,1,fgsm,5,5,4,True,True,0.03137257695198059,1.7388430833816528
train,561,39539,1,cw,5,5,3,True,True,0.00499996542930603,0.2330847680568695
train,562,31260,1,pgd,3,3,5,True,True,0.03137260675430298,1.3330339193344116
train,563,5705,1,pgd,3,3,9,True,True,0.03137257695198059,1.3620628118515015
train,564,46148,1,cw,0,0,2,True,True,0.00499996542930603,0.2399926334619522
train,565,12939,1,pgd,6,6,1,True,True,0.03137260675430298,1.4948595762252808
train,566,8426,1,cw,1,1,9,True,True,0.015010803937911987,0.5804080963134766
train,567,27979,1,fgsm,9,9,1,True,True,0.03137260675430298,1.7161914110183716
train,568,8867,1,fgsm,6,6,3,True,True,0.03137260675430298,1.7388430833816528
train,569,17506,1,cw,2,2,0,True,True,0.03818148374557495,0.5004013180732727
train,570,30515,1,cw,8,8,0,True,True,0.015011638402938843,0.47331467270851135
train,571,27369,1,cw,9,9,8,True,True,0.00499996542930603,0.19682419300079346
train,572,16121,1,cw,8,8,0,True,True,0.00499996542930603,0.23082424700260162
train,573,16357,1,fgsm,2,2,5,True,True,0.03137257695198059,1.7388430833816528
train,574,46796,1,fgsm,1,1,9,True,True,0.03137260675430298,1.7383167743682861
train,575,681,1,cw,5,5,4,True,True,0.00499996542930603,0.1970156580209732
train,576,18272,0,clean,4,4,4,True,False,0.0,0.0
train,577,25731,0,clean,1,1,1,True,False,0.0,0.0
train,578,2760,0,clean,2,2,2,True,False,0.0,0.0
train,579,23579,0,clean,6,6,6,True,False,0.0,0.0
train,580,38212,0,clean,7,7,7,True,False,0.0,0.0
train,581,4379,0,clean,1,1,1,True,False,0.0,0.0
train,582,10137,0,clean,3,3,3,True,False,0.0,0.0
train,583,18365,0,clean,4,4,4,True,False,0.0,0.0
train,584,16477,0,clean,7,7,7,True,False,0.0,0.0
train,585,359,0,clean,5,5,5,True,False,0.0,0.0
train,586,3284,0,clean,7,7,7,True,False,0.0,0.0
train,587,35907,0,clean,4,4,4,True,False,0.0,0.0
train,588,19556,0,clean,6,6,6,True,False,0.0,0.0
train,589,19393,0,clean,7,7,7,True,False,0.0,0.0
train,590,13090,0,clean,0,0,0,True,False,0.0,0.0
train,591,32864,0,clean,5,5,5,True,False,0.0,0.0
train,592,18272,1,cw,4,4,2,True,True,0.010005384683609009,0.4325729012489319
train,593,25731,1,fgsm,1,1,0,True,True,0.03137260675430298,1.7337634563446045
train,594,2760,1,fgsm,2,2,3,True,True,0.03137260675430298,1.737281322479248
train,595,23579,1,pgd,6,6,5,True,True,0.03137257695198059,1.3755264282226562
train,596,38212,1,pgd,7,7,4,True,True,0.03137260675430298,1.3961702585220337
train,597,4379,1,cw,1,1,9,True,True,0.015009075403213501,0.544425904750824
train,598,10137,1,fgsm,3,3,5,True,True,0.03137260675430298,1.7372902631759644
train,599,18365,1,fgsm,4,4,4,True,False,0.03137260675430298,1.7386705875396729
train,600,16477,1,pgd,7,7,4,True,True,0.03137260675430298,1.414873480796814
train,601,359,1,pgd,5,5,6,True,True,0.03137257695198059,1.3799536228179932
train,602,3284,1,cw,7,7,4,True,True,0.01000639796257019,0.4287881553173065
train,603,35907,1,fgsm,4,4,3,True,True,0.03137260675430298,1.7388430833816528
train,604,19556,1,pgd,6,6,4,True,True,0.03137257695198059,1.4524812698364258
train,605,19393,1,pgd,7,7,5,True,True,0.03137260675430298,1.3576600551605225
train,606,13090,1,fgsm,0,0,2,True,True,0.03137260675430298,1.738564372062683
train,607,32864,1,pgd,5,5,3,True,True,0.03137260675430298,1.3229774236679077
train,608,25713,0,clean,3,3,3,True,False,0.0,0.0
train,609,42211,0,clean,1,1,1,True,False,0.0,0.0
train,610,28313,0,clean,4,4,4,True,False,0.0,0.0
train,611,45555,0,clean,4,4,4,True,False,0.0,0.0
train,612,25615,0,clean,0,0,0,True,False,0.0,0.0
train,613,24534,0,clean,0,0,0,True,False,0.0,0.0
train,614,5617,0,clean,7,7,7,True,False,0.0,0.0
train,615,45887,0,clean,5,5,5,True,False,0.0,0.0
train,616,27083,0,clean,9,9,9,True,False,0.0,0.0
train,617,49947,0,clean,4,4,4,True,False,0.0,0.0
train,618,4156,0,clean,4,4,4,True,False,0.0,0.0
train,619,19640,0,clean,9,9,9,True,False,0.0,0.0
train,620,37086,0,clean,5,5,5,True,False,0.0,0.0
train,621,5403,0,clean,7,7,7,True,False,0.0,0.0
train,622,34778,0,clean,1,1,1,True,False,0.0,0.0
train,623,8108,0,clean,6,6,6,True,False,0.0,0.0
train,624,25713,1,fgsm,3,3,5,True,True,0.03137260675430298,1.7384804487228394
train,625,42211,1,cw,1,1,4,True,True,0.01000109314918518,0.3666428327560425
train,626,28313,1,fgsm,4,4,6,True,True,0.03137260675430298,1.7293449640274048
train,627,45555,1,cw,4,4,5,True,True,0.00499996542930603,0.22960099577903748
train,628,25615,1,pgd,0,0,2,True,True,0.03137257695198059,1.4177755117416382
train,629,24534,1,fgsm,0,0,9,True,True,0.03137260675430298,1.73788321018219
train,630,5617,1,cw,7,7,5,True,True,0.046046286821365356,0.5679969191551208
train,631,45887,1,pgd,5,5,2,True,True,0.03137260675430298,1.4068375825881958
train,632,27083,1,fgsm,9,9,8,True,True,0.03137260675430298,1.7158732414245605
train,633,49947,1,fgsm,4,4,3,True,True,0.03137257695198059,1.7385379076004028
train,634,4156,1,fgsm,4,4,3,True,True,0.03137260675430298,1.7388430833816528
train,635,19640,1,fgsm,9,9,0,True,True,0.03137260675430298,1.6792099475860596
train,636,37086,1,cw,5,5,3,True,True,0.010004520416259766,0.39145219326019287
train,637,5403,1,pgd,7,7,4,True,True,0.03137257695198059,1.3082963228225708
train,638,34778,1,cw,1,1,3,True,True,0.017947793006896973,0.1631632298231125
train,639,8108,1,cw,6,6,3,True,True,0.00499996542930603,0.22245381772518158
train,640,41255,0,clean,2,2,2,True,False,0.0,0.0
train,641,27688,0,clean,6,6,6,True,False,0.0,0.0
train,642,35625,0,clean,9,9,9,True,False,0.0,0.0
train,643,33284,0,clean,9,9,9,True,False,0.0,0.0
train,644,36481,0,clean,2,2,2,True,False,0.0,0.0
train,645,44916,0,clean,4,4,4,True,False,0.0,0.0
train,646,36680,0,clean,7,5,5,False,False,0.0,0.0
train,647,32133,0,clean,9,9,9,True,False,0.0,0.0
train,648,2623,0,clean,6,6,6,True,False,0.0,0.0
train,649,27719,0,clean,9,9,9,True,False,0.0,0.0
train,650,32466,0,clean,9,9,9,True,False,0.0,0.0
train,651,40843,0,clean,0,0,0,True,False,0.0,0.0
train,652,49247,0,clean,8,8,8,True,False,0.0,0.0
train,653,31497,0,clean,8,8,8,True,False,0.0,0.0
train,654,28305,0,clean,0,0,0,True,False,0.0,0.0
train,655,1553,0,clean,3,3,3,True,False,0.0,0.0
train,656,41255,1,fgsm,2,2,6,True,True,0.03137260675430298,1.7388430833816528
train,657,27688,1,pgd,6,6,4,True,True,0.03137257695198059,1.4322024583816528
train,658,35625,1,fgsm,9,9,1,True,True,0.03137260675430298,1.6704086065292358
train,659,33284,1,fgsm,9,9,1,True,True,0.03137260675430298,1.7380114793777466
train,660,36481,1,fgsm,2,2,4,True,True,0.03137257695198059,1.7388430833816528
train,661,44916,1,cw,4,4,5,True,True,0.00499996542930603,0.23165540397167206
train,662,36680,1,fgsm,7,5,3,False,False,0.03137257695198059,1.7388430833816528
train,663,32133,1,cw,9,9,1,True,True,0.021553218364715576,0.23029959201812744
train,664,2623,1,cw,6,6,2,True,True,0.00499996542930603,0.21593809127807617
train,665,27719,1,pgd,9,9,1,True,True,0.03137260675430298,1.411932349205017
train,666,32466,1,fgsm,9,9,0,True,True,0.03137260675430298,1.7388430833816528
train,667,40843,1,cw,0,0,4,True,True,0.01500934362411499,0.3921460509300232
train,668,49247,1,cw,8,8,0,True,True,0.01000550389289856,0.3793335556983948
train,669,31497,1,pgd,8,8,0,True,True,0.03137260675430298,1.3462313413619995
train,670,28305,1,pgd,0,0,2,True,True,0.03137260675430298,1.3001281023025513
train,671,1553,1,pgd,3,3,5,True,True,0.03137260675430298,1.3645678758621216
train,672,12972,0,clean,9,9,9,True,False,0.0,0.0
train,673,39499,0,clean,2,2,2,True,False,0.0,0.0
train,674,38689,0,clean,8,8,8,True,False,0.0,0.0
train,675,39592,0,clean,8,8,8,True,False,0.0,0.0
train,676,41134,0,clean,3,3,3,True,False,0.0,0.0
train,677,23808,0,clean,0,0,0,True,False,0.0,0.0
train,678,34948,0,clean,0,0,0,True,False,0.0,0.0
train,679,11923,0,clean,2,2,2,True,False,0.0,0.0
train,680,10050,0,clean,0,0,0,True,False,0.0,0.0
train,681,37097,0,clean,6,6,6,True,False,0.0,0.0
train,682,20786,0,clean,8,8,8,True,False,0.0,0.0
train,683,24531,0,clean,6,6,6,True,False,0.0,0.0
train,684,17595,0,clean,5,5,5,True,False,0.0,0.0
train,685,28822,0,clean,1,1,1,True,False,0.0,0.0
train,686,27499,0,clean,2,2,2,True,False,0.0,0.0
train,687,24710,0,clean,2,2,2,True,False,0.0,0.0
train,688,12972,1,fgsm,9,9,4,True,True,0.03137260675430298,1.6726443767547607
train,689,39499,1,pgd,2,2,6,True,True,0.03137257695198059,1.4062983989715576
train,690,38689,1,pgd,8,8,4,True,True,0.03137260675430298,1.3558628559112549
train,691,39592,1,pgd,8,8,0,True,True,0.03137260675430298,1.273651361465454
train,692,41134,1,cw,3,3,2,True,True,0.00499996542930603,0.21020005643367767
train,693,23808,1,pgd,0,0,8,True,True,0.03137257695198059,1.371428370475769
train,694,34948,1,fgsm,0,0,8,True,True,0.03137260675430298,1.7385777235031128
train,695,11923,1,pgd,2,2,8,True,True,0.03137260675430298,1.3152095079421997
train,696,10050,1,fgsm,0,0,8,True,True,0.03137260675430298,1.7388430833816528
train,697,37097,1,pgd,6,6,3,True,True,0.03137257695198059,1.3992838859558105
train,698,20786,1,fgsm,8,8,2,True,True,0.03137260675430298,1.7388430833816528
train,699,24531,1,fgsm,6,6,2,True,True,0.03137257695198059,1.7374364137649536
train,700,17595,1,pgd,5,5,3,True,True,0.03137257695198059,1.3740676641464233
train,701,28822,1,fgsm,1,1,9,True,True,0.03137260675430298,1.7382813692092896
train,702,27499,1,pgd,2,2,5,True,True,0.03137257695198059,1.403012752532959
train,703,24710,1,cw,2,2,0,True,True,0.02503332495689392,0.7137491106987
train,704,44720,0,clean,8,8,8,True,False,0.0,0.0
train,705,49905,0,clean,8,8,8,True,False,0.0,0.0
train,706,9811,0,clean,5,5,5,True,False,0.0,0.0
train,707,26609,0,clean,3,5,5,False,False,0.0,0.0
train,708,25609,0,clean,0,0,0,True,False,0.0,0.0
train,709,11800,0,clean,6,6,6,True,False,0.0,0.0
train,710,7778,0,clean,1,1,1,True,False,0.0,0.0
train,711,4812,0,clean,8,8,8,True,False,0.0,0.0
train,712,42427,0,clean,2,2,2,True,False,0.0,0.0
train,713,43862,0,clean,6,6,6,True,False,0.0,0.0
train,714,19558,0,clean,2,2,2,True,False,0.0,0.0
train,715,22794,0,clean,3,3,3,True,False,0.0,0.0
train,716,3950,0,clean,8,8,8,True,False,0.0,0.0
train,717,2687,0,clean,8,8,8,True,False,0.0,0.0
train,718,30191,0,clean,9,9,9,True,False,0.0,0.0
train,719,18311,0,clean,1,1,1,True,False,0.0,0.0
train,720,44720,1,pgd,8,8,9,True,True,0.03137260675430298,1.2670668363571167
train,721,49905,1,cw,8,8,0,True,True,0.010005563497543335,0.3773060739040375
train,722,9811,1,pgd,5,5,3,True,True,0.03137260675430298,1.3336272239685059
train,723,26609,1,cw,3,5,5,False,False,0.00021755695343017578,0.0017001474043354392
train,724,25609,1,pgd,0,0,2,True,True,0.03137257695198059,1.3818572759628296
train,725,11800,1,fgsm,6,6,2,True,True,0.03137257695198059,1.7388430833816528
train,726,7778,1,pgd,1,1,8,True,True,0.03137260675430298,1.3716961145401
train,727,4812,1,pgd,8,8,2,True,True,0.03137260675430298,1.3434861898422241
train,728,42427,1,pgd,2,2,6,True,True,0.03137257695198059,1.2773675918579102
train,729,43862,1,fgsm,6,6,3,True,True,0.03137257695198059,1.7388430833816528
train,730,19558,1,fgsm,2,2,9,True,True,0.03137257695198059,1.7263588905334473
train,731,22794,1,cw,3,3,5,True,True,0.00499996542930603,0.22353391349315643
train,732,3950,1,pgd,8,8,6,True,True,0.03137260675430298,1.3758338689804077
train,733,2687,1,cw,8,8,9,True,True,0.028825104236602783,0.3982373774051666
train,734,30191,1,cw,9,9,1,True,True,0.03262203931808472,0.41830208897590637
train,735,18311,1,pgd,1,1,9,True,True,0.03137257695198059,1.4092432260513306
train,736,15346,0,clean,8,8,8,True,False,0.0,0.0
train,737,13305,0,clean,8,8,8,True,False,0.0,0.0
train,738,42465,0,clean,0,0,0,True,False,0.0,0.0
train,739,42990,0,clean,2,2,2,True,False,0.0,0.0
train,740,2689,0,clean,8,8,8,True,False,0.0,0.0
train,741,36657,0,clean,2,2,2,True,False,0.0,0.0
train,742,40410,0,clean,1,1,1,True,False,0.0,0.0
train,743,2384,0,clean,5,5,5,True,False,0.0,0.0
train,744,18523,0,clean,4,4,4,True,False,0.0,0.0
train,745,13936,0,clean,2,2,2,True,False,0.0,0.0
train,746,10701,0,clean,4,4,4,True,False,0.0,0.0
train,747,8984,0,clean,7,7,7,True,False,0.0,0.0
train,748,35747,0,clean,6,6,6,True,False,0.0,0.0
train,749,33187,0,clean,4,4,4,True,False,0.0,0.0
train,750,29979,0,clean,3,3,3,True,False,0.0,0.0
train,751,11724,0,clean,3,3,3,True,False,0.0,0.0
train,752,15346,1,cw,8,8,1,True,True,0.015011966228485107,0.5596797466278076
train,753,13305,1,pgd,8,8,0,True,True,0.03137260675430298,1.3199381828308105
train,754,42465,1,cw,0,0,2,True,True,0.00499996542930603,0.2391156703233719
train,755,42990,1,pgd,2,2,6,True,True,0.03137257695198059,1.2248213291168213
train,756,2689,1,pgd,8,8,0,True,True,0.03137257695198059,1.3081914186477661
train,757,36657,1,fgsm,2,2,4,True,True,0.03137260675430298,1.7373831272125244
train,758,40410,1,fgsm,1,1,0,True,True,0.03137260675430298,1.4574365615844727
train,759,2384,1,pgd,5,5,3,True,True,0.03137260675430298,1.4896962642669678
train,760,18523,1,fgsm,4,4,7,True,True,0.03137257695198059,1.7381840944290161
train,761,13936,1,cw,2,2,4,True,True,0.022890597581863403,0.22538363933563232
train,762,10701,1,fgsm,4,4,5,True,True,0.03137260675430298,1.7377947568893433
train,763,8984,1,pgd,7,7,5,True,True,0.03137260675430298,1.4683109521865845
train,764,35747,1,fgsm,6,6,4,True,True,0.03137257695198059,1.7388430833816528
train,765,33187,1,fgsm,4,4,2,True,True,0.03137260675430298,1.7388430833816528
train,766,29979,1,pgd,3,3,4,True,True,0.03137257695198059,1.2928694486618042
train,767,11724,1,fgsm,3,3,6,True,True,0.03137257695198059,1.7388430833816528
train,768,46580,0,clean,8,8,8,True,False,0.0,0.0
train,769,10934,0,clean,9,9,9,True,False,0.0,0.0
train,770,5576,0,clean,2,2,2,True,False,0.0,0.0
train,771,13289,0,clean,0,0,0,True,False,0.0,0.0
train,772,10052,0,clean,6,6,6,True,False,0.0,0.0
train,773,34963,0,clean,8,8,8,True,False,0.0,0.0
train,774,34552,0,clean,6,6,6,True,False,0.0,0.0
train,775,22255,0,clean,8,8,8,True,False,0.0,0.0
train,776,43871,0,clean,6,6,6,True,False,0.0,0.0
train,777,40375,0,clean,4,4,4,True,False,0.0,0.0
train,778,12758,0,clean,3,3,3,True,False,0.0,0.0
train,779,21699,0,clean,8,8,8,True,False,0.0,0.0
train,780,23555,0,clean,9,9,9,True,False,0.0,0.0
train,781,4495,0,clean,5,5,5,True,False,0.0,0.0
train,782,16501,0,clean,0,0,0,True,False,0.0,0.0
train,783,15847,0,clean,2,2,2,True,False,0.0,0.0
train,784,46580,1,fgsm,8,8,6,True,True,0.03137260675430298,1.7379804849624634
train,785,10934,1,cw,9,9,8,True,True,0.00499996542930603,0.199062779545784
train,786,5576,1,cw,2,2,5,True,True,0.010006219148635864,0.41843780875205994
train,787,13289,1,cw,0,0,2,True,True,0.00499996542930603,0.21278978884220123
train,788,10052,1,fgsm,6,6,1,True,True,0.03137257695198059,1.7335150241851807
train,789,34963,1,cw,8,8,1,True,True,0.00499996542930603,0.25038719177246094
train,790,34552,1,cw,6,6,4,True,True,0.00499996542930603,0.22772957384586334
train,791,22255,1,pgd,8,8,0,True,True,0.03137260675430298,1.328830361366272
train,792,43871,1,pgd,6,6,3,True,True,0.03137260675430298,1.4042893648147583
train,793,40375,1,fgsm,4,4,8,True,True,0.03137260675430298,1.7380424737930298
train,794,12758,1,cw,3,3,6,True,True,0.015005230903625488,0.4750322699546814
train,795,21699,1,fgsm,8,8,9,True,True,0.03137260675430298,1.7292605638504028
train,796,23555,1,pgd,9,9,1,True,True,0.03137260675430298,1.3946762084960938
train,797,4495,1,pgd,5,5,2,True,True,0.03137257695198059,1.402661681175232
train,798,16501,1,fgsm,0,0,0,True,False,0.03137260675430298,1.7388430833816528
train,799,15847,1,cw,2,2,6,True,True,0.00499996542930603,0.22253471612930298
train,800,42919,0,clean,5,5,5,True,False,0.0,0.0
train,801,7961,0,clean,7,7,7,True,False,0.0,0.0
train,802,7752,0,clean,9,9,9,True,False,0.0,0.0
train,803,24384,0,clean,3,5,5,False,False,0.0,0.0
train,804,44811,0,clean,8,8,8,True,False,0.0,0.0
train,805,7247,0,clean,6,6,6,True,False,0.0,0.0
train,806,4945,0,clean,1,1,1,True,False,0.0,0.0
train,807,13429,0,clean,9,9,9,True,False,0.0,0.0
train,808,21547,0,clean,1,1,1,True,False,0.0,0.0
train,809,49505,0,clean,1,1,1,True,False,0.0,0.0
train,810,27796,0,clean,3,3,3,True,False,0.0,0.0
train,811,44603,0,clean,5,5,5,True,False,0.0,0.0
train,812,38025,0,clean,7,7,7,True,False,0.0,0.0
train,813,22982,0,clean,1,1,1,True,False,0.0,0.0
train,814,11364,0,clean,3,3,3,True,False,0.0,0.0
train,815,4630,0,clean,3,3,3,True,False,0.0,0.0
train,816,42919,1,cw,5,5,3,True,True,0.00499996542930603,0.21119360625743866
train,817,7961,1,fgsm,7,7,5,True,True,0.03137260675430298,1.7371574640274048
train,818,7752,1,fgsm,9,9,1,True,True,0.03137260675430298,1.736431360244751
train,819,24384,1,pgd,3,5,5,False,False,0.03137260675430298,1.3719817399978638
train,820,44811,1,pgd,8,8,0,True,True,0.03137260675430298,1.3317400217056274
train,821,7247,1,cw,6,6,1,True,True,0.00499996542930603,0.24508598446846008
train,822,4945,1,pgd,1,1,9,True,True,0.03137257695198059,1.3696197271347046
train,823,13429,1,pgd,9,9,8,True,True,0.03137260675430298,1.3479087352752686
train,824,21547,1,cw,1,1,9,True,True,0.010006040334701538,0.379876047372818
train,825,49505,1,pgd,1,1,9,True,True,0.03137260675430298,1.3213828802108765
train,826,27796,1,fgsm,3,3,6,True,True,0.03137260675430298,1.6906462907791138
train,827,44603,1,pgd,5,5,6,True,True,0.03137260675430298,1.3446451425552368
train,828,38025,1,cw,7,7,4,True,True,0.00499996542930603,0.14753474295139313
train,829,22982,1,fgsm,1,1,9,True,True,0.03137260675430298,1.7197452783584595
train,830,11364,1,pgd,3,3,5,True,True,0.03137260675430298,1.3572934865951538
train,831,4630,1,pgd,3,3,5,True,True,0.03137260675430298,1.3417245149612427
train,832,21980,0,clean,4,4,4,True,False,0.0,0.0
train,833,37011,0,clean,5,5,5,True,False,0.0,0.0
train,834,38083,0,clean,0,0,0,True,False,0.0,0.0
train,835,11596,0,clean,3,3,3,True,False,0.0,0.0
train,836,8801,0,clean,1,1,1,True,False,0.0,0.0
train,837,6218,0,clean,7,7,7,True,False,0.0,0.0
train,838,11933,0,clean,5,5,5,True,False,0.0,0.0
train,839,49714,0,clean,5,5,5,True,False,0.0,0.0
train,840,1063,0,clean,6,6,6,True,False,0.0,0.0
train,841,28600,0,clean,4,4,4,True,False,0.0,0.0
train,842,6958,0,clean,5,5,5,True,False,0.0,0.0
train,843,1948,0,clean,6,6,6,True,False,0.0,0.0
train,844,45776,0,clean,8,8,8,True,False,0.0,0.0
train,845,5334,0,clean,1,1,1,True,False,0.0,0.0
train,846,16566,0,clean,5,3,3,False,False,0.0,0.0
train,847,2002,0,clean,9,9,9,True,False,0.0,0.0
train,848,21980,1,fgsm,4,4,3,True,True,0.03137257695198059,1.7388430833816528
train,849,37011,1,cw,5,5,2,True,True,0.010004401206970215,0.396554559469223
train,850,38083,1,cw,0,0,1,True,True,0.010004878044128418,0.38230642676353455
train,851,11596,1,fgsm,3,3,5,True,True,0.03137260675430298,1.6393375396728516
train,852,8801,1,fgsm,1,1,9,True,True,0.03137257695198059,1.73806893825531
train,853,6218,1,pgd,7,7,5,True,True,0.03137260675430298,1.419538140296936
train,854,11933,1,cw,5,5,3,True,True,0.01000303030014038,0.3847094178199768
train,855,49714,1,fgsm,5,5,3,True,True,0.03137260675430298,1.7217471599578857
train,856,1063,1,cw,6,6,4,True,True,0.00499996542930603,0.22892878949642181
train,857,28600,1,cw,4,4,3,True,True,0.00499996542930603,0.24751292169094086
train,858,6958,1,cw,5,5,3,True,True,0.01000562310218811,0.4350903332233429
train,859,1948,1,fgsm,6,6,2,True,True,0.03137257695198059,1.6566061973571777
train,860,45776,1,cw,8,8,9,True,True,0.00499996542930603,0.21060268580913544
train,861,5334,1,fgsm,1,1,9,True,True,0.03137260675430298,1.7202727794647217
train,862,16566,1,pgd,5,3,3,False,False,0.03137260675430298,1.3411133289337158
train,863,2002,1,fgsm,9,9,4,True,True,0.03137260675430298,1.7246922254562378
train,864,11748,0,clean,6,6,6,True,False,0.0,0.0
train,865,47014,0,clean,3,3,3,True,False,0.0,0.0
train,866,29469,0,clean,1,1,1,True,False,0.0,0.0
train,867,35307,0,clean,3,3,3,True,False,0.0,0.0
train,868,46247,0,clean,5,5,5,True,False,0.0,0.0
train,869,19295,0,clean,2,2,2,True,False,0.0,0.0
train,870,20492,0,clean,8,8,8,True,False,0.0,0.0
train,871,40781,0,clean,9,9,9,True,False,0.0,0.0
train,872,1912,0,clean,9,9,9,True,False,0.0,0.0
train,873,34857,0,clean,6,6,6,True,False,0.0,0.0
train,874,36674,0,clean,9,9,9,True,False,0.0,0.0
train,875,22862,0,clean,8,8,8,True,False,0.0,0.0
train,876,34895,0,clean,4,4,4,True,False,0.0,0.0
train,877,14334,0,clean,0,0,0,True,False,0.0,0.0
train,878,41812,0,clean,5,5,5,True,False,0.0,0.0
train,879,31635,0,clean,0,0,0,True,False,0.0,0.0
train,880,11748,1,pgd,6,6,4,True,True,0.03137257695198059,1.4308884143829346
train,881,47014,1,cw,3,3,5,True,True,0.01000639796257019,0.3441232442855835
train,882,29469,1,cw,1,1,9,True,True,0.015000313520431519,0.5480149388313293
train,883,35307,1,pgd,3,3,5,True,True,0.03137257695198059,1.35551118850708
train,884,46247,1,cw,5,5,3,True,True,0.010005921125411987,0.2696613073348999
train,885,19295,1,fgsm,2,2,5,True,True,0.03137260675430298,1.7385865449905396
train,886,20492,1,fgsm,8,8,1,True,True,0.03137257695198059,1.7385777235031128
train,887,40781,1,cw,9,9,1,True,True,0.04911890625953674,0.5361995697021484
train,888,1912,1,cw,9,9,1,True,True,0.050930917263031006,0.7278397679328918
train,889,34857,1,cw,6,6,3,True,True,0.020030438899993896,0.6173930764198303
train,890,36674,1,pgd,9,9,8,True,True,0.03137260675430298,1.3748600482940674
train,891,22862,1,fgsm,8,8,0,True,True,0.03137257695198059,1.7383477687835693
train,892,34895,1,pgd,4,4,6,True,True,0.03137257695198059,1.3422468900680542
train,893,14334,1,cw,0,0,2,True,True,0.010004818439483643,0.3847300410270691
train,894,41812,1,cw,5,5,3,True,True,0.00499996542930603,0.22058482468128204
train,895,31635,1,fgsm,0,0,8,True,True,0.03137260675430298,1.7388430833816528
train,896,33686,0,clean,1,1,1,True,False,0.0,0.0
train,897,23123,0,clean,2,2,2,True,False,0.0,0.0
train,898,44583,0,clean,5,5,5,True,False,0.0,0.0
train,899,36078,0,clean,7,7,7,True,False,0.0,0.0
train,900,21973,0,clean,2,2,2,True,False,0.0,0.0
train,901,2573,0,clean,4,4,4,True,False,0.0,0.0
train,902,12826,0,clean,4,4,4,True,False,0.0,0.0
train,903,40343,0,clean,0,0,0,True,False,0.0,0.0
train,904,24165,0,clean,2,2,2,True,False,0.0,0.0
train,905,12911,0,clean,0,0,0,True,False,0.0,0.0
train,906,29698,0,clean,4,4,4,True,False,0.0,0.0
train,907,45534,0,clean,6,6,6,True,False,0.0,0.0
train,908,36225,0,clean,4,4,4,True,False,0.0,0.0
train,909,17588,0,clean,8,8,8,True,False,0.0,0.0
train,910,43383,0,clean,8,8,8,True,False,0.0,0.0
train,911,44340,0,clean,2,2,2,True,False,0.0,0.0
train,912,33686,1,cw,1,1,9,True,True,0.03860241174697876,0.48641887307167053
train,913,23123,1,fgsm,2,2,3,True,True,0.03137257695198059,1.7388430833816528
train,914,44583,1,fgsm,5,5,7,True,True,0.03137260675430298,1.7388430833816528
train,915,36078,1,cw,7,7,3,True,True,0.00499996542930603,0.24088120460510254
train,916,21973,1,pgd,2,2,4,True,True,0.03137257695198059,1.3007522821426392
train,917,2573,1,cw,4,4,5,True,True,0.010006040334701538,0.4414606988430023
train,918,12826,1,fgsm,4,4,7,True,True,0.03137257695198059,1.7388430833816528
train,919,40343,1,pgd,0,0,2,True,True,0.03137260675430298,1.299082636833191
train,920,24165,1,cw,2,2,3,True,True,0.00499996542930603,0.2408558428287506
train,921,12911,1,fgsm,0,0,2,True,True,0.03137260675430298,1.719159483909607
train,922,29698,1,pgd,4,4,6,True,True,0.03137257695198059,1.4376277923583984
train,923,45534,1,cw,6,6,2,True,True,0.00499996542930603,0.19652844965457916
train,924,36225,1,fgsm,4,4,5,True,True,0.03137257695198059,1.7382903099060059
train,925,17588,1,cw,8,8,1,True,True,0.010006040334701538,0.37359073758125305
train,926,43383,1,cw,8,8,0,True,True,0.00499996542930603,0.2278773933649063
train,927,44340,1,cw,2,2,4,True,True,0.00499996542930603,0.2611468732357025
train,928,42603,0,clean,4,4,4,True,False,0.0,0.0
train,929,26958,0,clean,5,5,5,True,False,0.0,0.0
train,930,47921,0,clean,4,4,4,True,False,0.0,0.0
train,931,14668,0,clean,1,1,1,True,False,0.0,0.0
train,932,35484,0,clean,4,4,4,True,False,0.0,0.0
train,933,49443,0,clean,3,3,3,True,False,0.0,0.0
train,934,2780,0,clean,0,0,0,True,False,0.0,0.0
train,935,8366,0,clean,2,2,2,True,False,0.0,0.0
train,936,842,0,clean,7,7,7,True,False,0.0,0.0
train,937,2496,0,clean,1,1,1,True,False,0.0,0.0
train,938,35924,0,clean,7,7,7,True,False,0.0,0.0
train,939,24067,0,clean,4,4,4,True,False,0.0,0.0
train,940,28420,0,clean,1,1,1,True,False,0.0,0.0
train,941,30813,0,clean,6,6,6,True,False,0.0,0.0
train,942,27118,0,clean,3,3,3,True,False,0.0,0.0
train,943,29481,0,clean,7,7,7,True,False,0.0,0.0
train,944,42603,1,pgd,4,4,5,True,True,0.03137257695198059,1.289817452430725
train,945,26958,1,pgd,5,5,6,True,True,0.03137260675430298,1.402512550354004
train,946,47921,1,pgd,4,4,2,True,True,0.03137257695198059,1.370514154434204
train,947,14668,1,pgd,1,1,9,True,True,0.03137260675430298,1.4034364223480225
train,948,35484,1,cw,4,4,7,True,True,0.00499996542930603,0.24176974594593048
train,949,49443,1,cw,3,3,5,True,True,0.023066937923431396,0.23100058734416962
train,950,2780,1,cw,0,0,2,True,True,0.03680163621902466,0.46741023659706116
train,951,8366,1,cw,2,2,4,True,True,0.010005146265029907,0.40055474638938904
train,952,842,1,fgsm,7,7,2,True,True,0.03137260675430298,1.7378300428390503
train,953,2496,1,cw,1,1,8,True,True,0.010005444288253784,0.41568824648857117
train,954,35924,1,fgsm,7,7,3,True,True,0.03137260675430298,1.7187925577163696
train,955,24067,1,cw,4,4,3,True,True,0.00499996542930603,0.22776925563812256
train,956,28420,1,pgd,1,1,9,True,True,0.03137257695198059,1.317237138748169
train,957,30813,1,fgsm,6,6,4,True,True,0.03137257695198059,1.7384804487228394
train,958,27118,1,fgsm,3,3,5,True,True,0.03137260675430298,1.7385334968566895
train,959,29481,1,cw,7,7,5,True,True,0.010005027055740356,0.41633352637290955
train,960,41515,0,clean,6,6,6,True,False,0.0,0.0
train,961,2358,0,clean,7,7,7,True,False,0.0,0.0
train,962,22740,0,clean,4,4,4,True,False,0.0,0.0
train,963,14776,0,clean,1,1,1,True,False,0.0,0.0
train,964,20448,0,clean,3,3,3,True,False,0.0,0.0
train,965,45900,0,clean,6,6,6,True,False,0.0,0.0
train,966,24464,0,clean,4,4,4,True,False,0.0,0.0
train,967,15014,0,clean,1,1,1,True,False,0.0,0.0
train,968,40048,0,clean,8,8,8,True,False,0.0,0.0
train,969,41441,0,clean,4,4,4,True,False,0.0,0.0
train,970,8559,0,clean,1,1,1,True,False,0.0,0.0
train,971,510,0,clean,2,2,2,True,False,0.0,0.0
train,972,13236,0,clean,5,5,5,True,False,0.0,0.0
train,973,49252,0,clean,4,4,4,True,False,0.0,0.0
train,974,29652,0,clean,7,7,7,True,False,0.0,0.0
train,975,5178,0,clean,4,4,4,True,False,0.0,0.0
train,976,41515,1,pgd,6,6,4,True,True,0.03137257695198059,1.339102864265442
train,977,2358,1,cw,7,7,5,True,True,0.010006159543991089,0.39945217967033386
train,978,22740,1,fgsm,4,4,5,True,True,0.03137257695198059,1.7388432025909424
train,979,14776,1,pgd,1,1,9,True,True,0.03137257695198059,1.387396216392517
train,980,20448,1,fgsm,3,3,2,True,True,0.03137260675430298,1.7388430833816528
train,981,45900,1,pgd,6,6,4,True,True,0.03137260675430298,1.4187384843826294
train,982,24464,1,fgsm,4,4,3,True,True,0.03137257695198059,1.7340251207351685
train,983,15014,1,fgsm,1,1,8,True,True,0.03137260675430298,1.6828738451004028
train,984,40048,1,pgd,8,8,0,True,True,0.03137257695198059,1.236772060394287
train,985,41441,1,cw,4,4,3,True,True,0.00499996542930603,0.23882324993610382
train,986,8559,1,fgsm,1,1,3,True,True,0.03137260675430298,1.6673908233642578
train,987,510,1,pgd,2,2,5,True,True,0.03137260675430298,1.3740558624267578
train,988,13236,1,fgsm,5,5,4,True,True,0.03137260675430298,1.7388430833816528
train,989,49252,1,fgsm,4,4,3,True,True,0.03137257695198059,1.7388430833816528
train,990,29652,1,fgsm,7,7,4,True,True,0.03137257695198059,1.7228587865829468
train,991,5178,1,cw,4,4,5,True,True,0.00499996542930603,0.243033304810524
train,992,33842,0,clean,2,2,2,True,False,0.0,0.0
train,993,14923,0,clean,4,4,4,True,False,0.0,0.0
train,994,5190,0,clean,3,3,3,True,False,0.0,0.0
train,995,22177,0,clean,8,8,8,True,False,0.0,0.0
train,996,22882,0,clean,1,1,1,True,False,0.0,0.0
train,997,47741,0,clean,3,3,3,True,False,0.0,0.0
train,998,6996,0,clean,2,2,2,True,False,0.0,0.0
train,999,39337,0,clean,6,6,6,True,False,0.0,0.0
train,1000,28110,0,clean,1,1,1,True,False,0.0,0.0
train,1001,6210,0,clean,2,2,2,True,False,0.0,0.0
train,1002,35675,0,clean,4,4,4,True,False,0.0,0.0
train,1003,12477,0,clean,0,0,0,True,False,0.0,0.0
train,1004,37995,0,clean,1,1,1,True,False,0.0,0.0
train,1005,40492,0,clean,0,0,0,True,False,0.0,0.0
train,1006,37444,0,clean,9,9,9,True,False,0.0,0.0
train,1007,40715,0,clean,6,6,6,True,False,0.0,0.0
train,1008,33842,1,pgd,2,2,5,True,True,0.03137257695198059,1.3797491788864136
train,1009,14923,1,fgsm,4,4,3,True,True,0.03137257695198059,1.738033652305603
train,1010,5190,1,fgsm,3,3,5,True,True,0.03137257695198059,1.7388430833816528
train,1011,22177,1,cw,8,8,9,True,True,0.01501879096031189,0.44467687606811523
train,1012,22882,1,pgd,1,1,9,True,True,0.03137260675430298,1.3501495122909546
train,1013,47741,1,pgd,3,3,0,True,True,0.03137260675430298,1.3915401697158813
train,1014,6996,1,fgsm,2,2,4,True,True,0.03137257695198059,1.7388430833816528
train,1015,39337,1,cw,6,6,3,True,True,0.010005980730056763,0.4481857120990753
train,1016,28110,1,pgd,1,1,9,True,True,0.03137260675430298,1.2793267965316772
train,1017,6210,1,pgd,2,2,5,True,True,0.03137260675430298,1.4243764877319336
train,1018,35675,1,cw,4,4,3,True,True,0.010001659393310547,0.35874441266059875
train,1019,12477,1,fgsm,0,0,3,True,True,0.03137260675430298,1.7296161651611328
train,1020,37995,1,fgsm,1,1,3,True,True,0.03137260675430298,1.6629300117492676
train,1021,40492,1,fgsm,0,0,2,True,True,0.03137257695198059,1.7385069131851196
train,1022,37444,1,fgsm,9,9,8,True,True,0.03137260675430298,1.736258625984192
train,1023,40715,1,fgsm,6,6,5,True,True,0.03137257695198059,1.7340738773345947
train,1024,3118,0,clean,2,2,2,True,False,0.0,0.0
train,1025,5339,0,clean,8,8,8,True,False,0.0,0.0
train,1026,25949,0,clean,4,4,4,True,False,0.0,0.0
train,1027,12674,0,clean,0,0,0,True,False,0.0,0.0
train,1028,25251,0,clean,0,0,0,True,False,0.0,0.0
train,1029,44893,0,clean,3,3,3,True,False,0.0,0.0
train,1030,39209,0,clean,4,4,4,True,False,0.0,0.0
train,1031,11122,0,clean,0,0,0,True,False,0.0,0.0
train,1032,45615,0,clean,0,0,0,True,False,0.0,0.0
train,1033,41856,0,clean,2,2,2,True,False,0.0,0.0
train,1034,11163,0,clean,1,1,1,True,False,0.0,0.0
train,1035,9296,0,clean,0,0,0,True,False,0.0,0.0
train,1036,28621,0,clean,6,6,6,True,False,0.0,0.0
train,1037,8699,0,clean,6,6,6,True,False,0.0,0.0
train,1038,27870,0,clean,8,8,8,True,False,0.0,0.0
train,1039,23573,0,clean,8,8,8,True,False,0.0,0.0
train,1040,3118,1,pgd,2,2,1,True,True,0.03137257695198059,1.4035111665725708
train,1041,5339,1,pgd,8,8,2,True,True,0.03137260675430298,1.412895679473877
train,1042,25949,1,cw,4,4,3,True,True,0.00499996542930603,0.24278868734836578
train,1043,12674,1,cw,0,0,8,True,True,0.01000639796257019,0.4194541573524475
train,1044,25251,1,pgd,0,0,2,True,True,0.03137260675430298,1.417556881904602
train,1045,44893,1,cw,3,3,5,True,True,0.020772963762283325,0.22446097433567047
train,1046,39209,1,pgd,4,4,7,True,True,0.03137257695198059,1.3853223323822021
train,1047,11122,1,pgd,0,0,9,True,True,0.03137260675430298,1.382181167602539
train,1048,45615,1,cw,0,0,9,True,True,0.015018612146377563,0.3208332359790802
train,1049,41856,1,fgsm,2,2,5,True,True,0.03137260675430298,1.7388430833816528
train,1050,11163,1,pgd,1,1,9,True,True,0.03137260675430298,1.3884202241897583
train,1051,9296,1,fgsm,0,0,6,True,True,0.03137260675430298,1.7270222902297974
train,1052,28621,1,cw,6,6,3,True,True,0.01000627875328064,0.39355283975601196
train,1053,8699,1,fgsm,6,6,4,True,True,0.03137260675430298,1.680216908454895
train,1054,27870,1,fgsm,8,8,6,True,True,0.03137257695198059,1.7388432025909424
train,1055,23573,1,fgsm,8,8,6,True,True,0.03137260675430298,1.736426830291748
train,1056,6929,0,clean,0,0,0,True,False,0.0,0.0
train,1057,9101,0,clean,2,2,2,True,False,0.0,0.0
train,1058,13396,0,clean,3,3,3,True,False,0.0,0.0
train,1059,34672,0,clean,7,7,7,True,False,0.0,0.0
train,1060,5384,0,clean,2,2,2,True,False,0.0,0.0
train,1061,7115,0,clean,5,5,5,True,False,0.0,0.0
train,1062,17484,0,clean,6,6,6,True,False,0.0,0.0
train,1063,30947,0,clean,3,3,3,True,False,0.0,0.0
train,1064,33975,0,clean,0,0,0,True,False,0.0,0.0
train,1065,21329,0,clean,7,7,7,True,False,0.0,0.0
train,1066,33160,0,clean,0,0,0,True,False,0.0,0.0
train,1067,29525,0,clean,4,4,4,True,False,0.0,0.0
train,1068,32522,0,clean,0,0,0,True,False,0.0,0.0
train,1069,16663,0,clean,6,6,6,True,False,0.0,0.0
train,1070,40772,0,clean,5,5,5,True,False,0.0,0.0
train,1071,32183,0,clean,8,8,8,True,False,0.0,0.0
train,1072,6929,1,pgd,0,0,5,True,True,0.03137260675430298,1.3358914852142334
train,1073,9101,1,pgd,2,2,3,True,True,0.03137257695198059,1.2230015993118286
train,1074,13396,1,cw,3,3,2,True,True,0.00499996542930603,0.2335558831691742
train,1075,34672,1,fgsm,7,7,4,True,True,0.03137257695198059,1.7388430833816528
train,1076,5384,1,pgd,2,2,4,True,True,0.03137257695198059,1.389297604560852
train,1077,7115,1,fgsm,5,5,3,True,True,0.03137260675430298,1.738776683807373
train,1078,17484,1,cw,6,6,4,True,True,0.00499996542930603,0.23292145133018494
train,1079,30947,1,cw,3,3,5,True,True,0.00499996542930603,0.19820263981819153
train,1080,33975,1,fgsm,0,0,4,True,True,0.03137260675430298,1.7367900609970093
train,1081,21329,1,pgd,7,7,4,True,True,0.03137260675430298,1.3419969081878662
train,1082,33160,1,pgd,0,0,2,True,True,0.03137260675430298,1.3795725107192993
train,1083,29525,1,cw,4,4,3,True,True,0.00499996542930603,0.2556284964084625
train,1084,32522,1,pgd,0,0,8,True,True,0.03137260675430298,1.3274632692337036
train,1085,16663,1,fgsm,6,6,3,True,True,0.03137260675430298,1.7388430833816528
train,1086,40772,1,pgd,5,5,4,True,True,0.03137260675430298,1.3184908628463745
train,1087,32183,1,cw,8,8,4,True,True,0.010005354881286621,0.38118842244148254
train,1088,11000,0,clean,1,1,1,True,False,0.0,0.0
train,1089,25243,0,clean,0,0,0,True,False,0.0,0.0
train,1090,43214,0,clean,1,1,1,True,False,0.0,0.0
train,1091,20936,0,clean,8,8,8,True,False,0.0,0.0
train,1092,36133,0,clean,7,7,7,True,False,0.0,0.0
train,1093,16405,0,clean,3,3,3,True,False,0.0,0.0
train,1094,4088,0,clean,7,7,7,True,False,0.0,0.0
train,1095,35842,0,clean,5,5,5,True,False,0.0,0.0
train,1096,26820,0,clean,7,7,7,True,False,0.0,0.0
train,1097,32150,0,clean,7,7,7,True,False,0.0,0.0
train,1098,1556,0,clean,3,3,3,True,False,0.0,0.0
train,1099,9368,0,clean,2,2,2,True,False,0.0,0.0
train,1100,28011,0,clean,6,6,6,True,False,0.0,0.0
train,1101,22225,0,clean,5,5,5,True,False,0.0,0.0
train,1102,28043,0,clean,2,2,2,True,False,0.0,0.0
train,1103,14914,0,clean,4,4,4,True,False,0.0,0.0
train,1104,11000,1,fgsm,1,1,9,True,True,0.03137260675430298,1.7388430833816528
train,1105,25243,1,cw,0,0,1,True,True,0.00499996542930603,0.18329758942127228
train,1106,43214,1,pgd,1,1,3,True,True,0.03137260675430298,1.3231583833694458
train,1107,20936,1,fgsm,8,8,3,True,True,0.03137260675430298,1.7352397441864014
train,1108,36133,1,cw,7,7,5,True,True,0.00499996542930603,0.22968630492687225
train,1109,16405,1,fgsm,3,3,6,True,True,0.03137260675430298,1.7378566265106201
train,1110,4088,1,cw,7,7,5,True,True,0.01000511646270752,0.3427484929561615
train,1111,35842,1,fgsm,5,5,2,True,True,0.03137257695198059,1.7359751462936401
train,1112,26820,1,cw,7,7,5,True,True,0.00499996542930603,0.22775506973266602
train,1113,32150,1,cw,7,7,5,True,True,0.00499996542930603,0.24455781280994415
train,1114,1556,1,pgd,3,3,5,True,True,0.03137257695198059,1.3670547008514404
train,1115,9368,1,pgd,2,2,6,True,True,0.03137260675430298,1.3392611742019653
train,1116,28011,1,pgd,6,6,4,True,True,0.03137257695198059,1.4092525243759155
train,1117,22225,1,fgsm,5,5,3,True,True,0.03137260675430298,1.7212289571762085
train,1118,28043,1,fgsm,2,2,0,True,True,0.03137260675430298,1.7331734895706177
train,1119,14914,1,fgsm,4,4,5,True,True,0.03137257695198059,1.738586664199829
train,1120,41339,0,clean,5,5,5,True,False,0.0,0.0
train,1121,2691,0,clean,4,4,4,True,False,0.0,0.0
train,1122,30734,0,clean,4,4,4,True,False,0.0,0.0
train,1123,445,0,clean,3,3,3,True,False,0.0,0.0
train,1124,20391,0,clean,1,1,1,True,False,0.0,0.0
train,1125,21338,0,clean,0,0,0,True,False,0.0,0.0
train,1126,21301,0,clean,7,7,7,True,False,0.0,0.0
train,1127,33030,0,clean,2,2,2,True,False,0.0,0.0
train,1128,33454,0,clean,5,5,5,True,False,0.0,0.0
train,1129,5350,0,clean,4,4,4,True,False,0.0,0.0
train,1130,1581,0,clean,7,7,7,True,False,0.0,0.0
train,1131,36472,0,clean,6,6,6,True,False,0.0,0.0
train,1132,20256,0,clean,0,0,0,True,False,0.0,0.0
train,1133,18710,0,clean,0,0,0,True,False,0.0,0.0
train,1134,7928,0,clean,3,3,3,True,False,0.0,0.0
train,1135,34100,0,clean,8,8,8,True,False,0.0,0.0
train,1136,41339,1,fgsm,5,5,3,True,True,0.03137260675430298,1.7384672164916992
train,1137,2691,1,cw,4,4,5,True,True,0.010005593299865723,0.38192856311798096
train,1138,30734,1,pgd,4,4,5,True,True,0.03137257695198059,1.3347456455230713
train,1139,445,1,fgsm,3,3,4,True,True,0.03137260675430298,1.7384228706359863
train,1140,20391,1,cw,1,1,9,True,True,0.00499996542930603,0.22803212702274323
train,1141,21338,1,cw,0,0,8,True,True,0.010006040334701538,0.37662220001220703
train,1142,21301,1,pgd,7,7,3,True,True,0.03137257695198059,1.3835755586624146
train,1143,33030,1,fgsm,2,2,4,True,True,0.03137260675430298,1.5601140260696411
train,1144,33454,1,pgd,5,5,4,True,True,0.03137260675430298,1.3531526327133179
train,1145,5350,1,pgd,4,4,6,True,True,0.03137257695198059,1.3574821949005127
train,1146,1581,1,fgsm,7,7,4,True,True,0.03137260675430298,1.7366881370544434
train,1147,36472,1,fgsm,6,6,9,True,True,0.03137257695198059,1.670620322227478
train,1148,20256,1,pgd,0,0,8,True,True,0.03137257695198059,1.2429428100585938
train,1149,18710,1,fgsm,0,0,4,True,True,0.03137260675430298,1.7382813692092896
train,1150,7928,1,fgsm,3,3,4,True,True,0.03137257695198059,1.70255708694458
train,1151,34100,1,pgd,8,8,0,True,True,0.03137260675430298,1.3079339265823364
train,1152,28284,0,clean,8,8,8,True,False,0.0,0.0
train,1153,8719,0,clean,7,7,7,True,False,0.0,0.0
train,1154,37517,0,clean,0,0,0,True,False,0.0,0.0
train,1155,4446,0,clean,8,8,8,True,False,0.0,0.0
train,1156,35169,0,clean,8,8,8,True,False,0.0,0.0
train,1157,8174,0,clean,1,1,1,True,False,0.0,0.0
train,1158,48439,0,clean,9,9,9,True,False,0.0,0.0
train,1159,12105,0,clean,3,3,3,True,False,0.0,0.0
train,1160,46165,0,clean,5,5,5,True,False,0.0,0.0
train,1161,35485,0,clean,7,7,7,True,False,0.0,0.0
train,1162,3517,0,clean,2,2,2,True,False,0.0,0.0
train,1163,4974,0,clean,8,8,8,True,False,0.0,0.0
train,1164,15223,0,clean,8,8,8,True,False,0.0,0.0
train,1165,30454,0,clean,2,2,2,True,False,0.0,0.0
train,1166,1926,0,clean,0,0,0,True,False,0.0,0.0
train,1167,1594,0,clean,0,0,0,True,False,0.0,0.0
train,1168,28284,1,pgd,8,8,7,True,True,0.03137260675430298,1.3079074621200562
train,1169,8719,1,cw,7,7,4,True,True,0.010005861520767212,0.3579704463481903
train,1170,37517,1,cw,0,0,2,True,True,0.0199393630027771,0.4890854060649872
train,1171,4446,1,cw,8,8,5,True,True,0.00499996542930603,0.2136799544095993
train,1172,35169,1,pgd,8,8,9,True,True,0.03137260675430298,1.268796682357788
train,1173,8174,1,fgsm,1,1,2,True,True,0.03137260675430298,1.7361390590667725
train,1174,48439,1,pgd,9,9,3,True,True,0.03137260675430298,1.383973479270935
train,1175,12105,1,pgd,3,3,5,True,True,0.03137260675430298,1.3282145261764526
train,1176,46165,1,pgd,5,5,3,True,True,0.03137257695198059,1.424190878868103
train,1177,35485,1,fgsm,7,7,3,True,True,0.03137260675430298,1.7326101064682007
train,1178,3517,1,pgd,2,2,6,True,True,0.03137257695198059,1.3410221338272095
train,1179,4974,1,cw,8,8,9,True,True,0.00499996542930603,0.24054859578609467
train,1180,15223,1,fgsm,8,8,6,True,True,0.03137260675430298,1.7195664644241333
train,1181,30454,1,pgd,2,2,6,True,True,0.03137257695198059,1.325832724571228
train,1182,1926,1,pgd,0,0,8,True,True,0.03137260675430298,1.3248538970947266
train,1183,1594,1,cw,0,0,2,True,True,0.037775516510009766,0.46462282538414
train,1184,22660,0,clean,3,3,3,True,False,0.0,0.0
train,1185,16321,0,clean,5,5,5,True,False,0.0,0.0
train,1186,38863,0,clean,9,9,9,True,False,0.0,0.0
train,1187,3865,0,clean,6,6,6,True,False,0.0,0.0
train,1188,18804,0,clean,7,7,7,True,False,0.0,0.0
train,1189,22056,0,clean,8,8,8,True,False,0.0,0.0
train,1190,2305,0,clean,5,5,5,True,False,0.0,0.0
train,1191,12566,0,clean,7,7,7,True,False,0.0,0.0
train,1192,17708,0,clean,5,5,5,True,False,0.0,0.0
train,1193,13404,0,clean,8,8,8,True,False,0.0,0.0
train,1194,13171,0,clean,7,7,7,True,False,0.0,0.0
train,1195,19082,0,clean,0,0,0,True,False,0.0,0.0
train,1196,3594,0,clean,3,3,3,True,False,0.0,0.0
train,1197,30570,0,clean,1,1,1,True,False,0.0,0.0
train,1198,29360,0,clean,6,6,6,True,False,0.0,0.0
train,1199,24808,0,clean,6,6,6,True,False,0.0,0.0
train,1200,22660,1,fgsm,3,3,5,True,True,0.03137260675430298,1.6282161474227905
train,1201,16321,1,cw,5,5,3,True,True,0.010004490613937378,0.40058767795562744
train,1202,38863,1,cw,9,9,1,True,True,0.010005444288253784,0.3401440978050232
train,1203,3865,1,fgsm,6,6,3,True,True,0.03137257695198059,1.7313358783721924
train,1204,18804,1,fgsm,7,7,2,True,True,0.03137257695198059,1.7388430833816528
train,1205,22056,1,pgd,8,8,2,True,True,0.03137260675430298,1.4366180896759033
train,1206,2305,1,fgsm,5,5,3,True,True,0.03137260675430298,1.7383034229278564
train,1207,12566,1,fgsm,7,7,3,True,True,0.03137260675430298,1.7388430833816528
train,1208,17708,1,fgsm,5,5,3,True,True,0.03137257695198059,1.7388430833816528
train,1209,13404,1,cw,8,8,0,True,True,0.01000562310218811,0.38120797276496887
train,1210,13171,1,pgd,7,7,5,True,True,0.03137260675430298,1.4354792833328247
train,1211,19082,1,fgsm,0,0,4,True,True,0.03137257695198059,1.7388430833816528
train,1212,3594,1,pgd,3,3,5,True,True,0.03137260675430298,1.377388834953308
train,1213,30570,1,pgd,1,1,8,True,True,0.03137260675430298,1.4129815101623535
train,1214,29360,1,fgsm,6,6,2,True,True,0.03137260675430298,1.7351112365722656
train,1215,24808,1,fgsm,6,6,4,True,True,0.03137257695198059,1.7388430833816528
train,1216,27059,0,clean,0,0,0,True,False,0.0,0.0
train,1217,17527,0,clean,5,5,5,True,False,0.0,0.0
train,1218,17958,0,clean,4,4,4,True,False,0.0,0.0
train,1219,44380,0,clean,9,9,9,True,False,0.0,0.0
train,1220,21915,0,clean,5,5,5,True,False,0.0,0.0
train,1221,8099,0,clean,0,0,0,True,False,0.0,0.0
train,1222,32935,0,clean,5,5,5,True,False,0.0,0.0
train,1223,30414,0,clean,4,4,4,True,False,0.0,0.0
train,1224,648,0,clean,2,2,2,True,False,0.0,0.0
train,1225,24622,0,clean,0,0,0,True,False,0.0,0.0
train,1226,23286,0,clean,3,3,3,True,False,0.0,0.0
train,1227,47408,0,clean,4,4,4,True,False,0.0,0.0
train,1228,40119,0,clean,7,7,7,True,False,0.0,0.0
train,1229,28098,0,clean,1,1,1,True,False,0.0,0.0
train,1230,12756,0,clean,7,7,7,True,False,0.0,0.0
train,1231,32268,0,clean,4,4,4,True,False,0.0,0.0
train,1232,27059,1,cw,0,0,5,True,True,0.00499996542930603,0.22809793055057526
train,1233,17527,1,pgd,5,5,3,True,True,0.03137260675430298,1.394926905632019
train,1234,17958,1,fgsm,4,4,3,True,True,0.03137260675430298,1.7388430833816528
train,1235,44380,1,fgsm,9,9,1,True,True,0.03137260675430298,1.7344064712524414
train,1236,21915,1,fgsm,5,5,3,True,True,0.03137260675430298,1.7228857278823853
train,1237,8099,1,cw,0,0,4,True,True,0.00499996542930603,0.24361519515514374
train,1238,32935,1,cw,5,5,3,True,True,0.018420159816741943,0.15529543161392212
train,1239,30414,1,pgd,4,4,5,True,True,0.03137257695198059,1.2792949676513672
train,1240,648,1,cw,2,2,7,True,True,0.02153843641281128,0.20837906002998352
train,1241,24622,1,pgd,0,0,4,True,True,0.03137257695198059,1.3805537223815918
train,1242,23286,1,cw,3,3,5,True,True,0.00499996542930603,0.22252488136291504
train,1243,47408,1,pgd,4,4,2,True,True,0.03137260675430298,1.3998923301696777
train,1244,40119,1,fgsm,7,7,2,True,True,0.03137260675430298,1.7363959550857544
train,1245,28098,1,pgd,1,1,8,True,True,0.03137257695198059,1.3252180814743042
train,1246,12756,1,fgsm,7,7,4,True,True,0.03137257695198059,1.7388430833816528
train,1247,32268,1,cw,4,4,2,True,True,0.00499996542930603,0.254765123128891
train,1248,7156,0,clean,8,8,8,True,False,0.0,0.0
train,1249,28972,0,clean,0,0,0,True,False,0.0,0.0
train,1250,14716,0,clean,1,1,1,True,False,0.0,0.0
train,1251,8321,0,clean,2,2,2,True,False,0.0,0.0
train,1252,27958,0,clean,8,8,8,True,False,0.0,0.0
train,1253,33839,0,clean,9,9,9,True,False,0.0,0.0
train,1254,31050,0,clean,3,3,3,True,False,0.0,0.0
train,1255,30193,0,clean,6,6,6,True,False,0.0,0.0
train,1256,25468,0,clean,9,9,9,True,False,0.0,0.0
train,1257,44463,0,clean,0,0,0,True,False,0.0,0.0
train,1258,2885,0,clean,0,0,0,True,False,0.0,0.0
train,1259,26829,0,clean,6,6,6,True,False,0.0,0.0
train,1260,48564,0,clean,1,1,1,True,False,0.0,0.0
train,1261,5859,0,clean,3,3,3,True,False,0.0,0.0
train,1262,26869,0,clean,9,9,9,True,False,0.0,0.0
train,1263,11614,0,clean,1,1,1,True,False,0.0,0.0
train,1264,7156,1,pgd,8,8,4,True,True,0.03137260675430298,1.404054045677185
train,1265,28972,1,fgsm,0,0,2,True,True,0.03137260675430298,1.7388430833816528
train,1266,14716,1,fgsm,1,1,9,True,True,0.03137257695198059,1.7388430833816528
train,1267,8321,1,cw,2,2,5,True,True,0.00499996542930603,0.2432609647512436
train,1268,27958,1,pgd,8,8,3,True,True,0.03137260675430298,1.4289979934692383
train,1269,33839,1,fgsm,9,9,3,True,True,0.03137260675430298,1.7203755378723145
train,1270,31050,1,fgsm,3,3,5,True,True,0.03137260675430298,1.6440681219100952
train,1271,30193,1,pgd,6,6,3,True,True,0.03137260675430298,1.3707659244537354
train,1272,25468,1,pgd,9,9,8,True,True,0.03137257695198059,1.3247934579849243
train,1273,44463,1,fgsm,0,0,2,True,True,0.03137257695198059,1.7388430833816528
train,1274,2885,1,fgsm,0,0,8,True,True,0.03137260675430298,1.7369449138641357
train,1275,26829,1,fgsm,6,6,4,True,True,0.03137257695198059,1.7380955219268799
train,1276,48564,1,cw,1,1,9,True,True,0.015022188425064087,0.5493783950805664
train,1277,5859,1,pgd,3,3,5,True,True,0.03137260675430298,1.2940012216567993
train,1278,26869,1,cw,9,9,1,True,True,0.03650854527950287,0.4911075234413147
train,1279,11614,1,cw,1,1,9,True,True,0.019982367753982544,0.59562087059021
train,1280,46189,0,clean,9,9,9,True,False,0.0,0.0
train,1281,19038,0,clean,6,6,6,True,False,0.0,0.0
train,1282,36971,0,clean,7,7,7,True,False,0.0,0.0
train,1283,35539,0,clean,8,8,8,True,False,0.0,0.0
train,1284,24563,0,clean,8,8,8,True,False,0.0,0.0
train,1285,45696,0,clean,9,9,9,True,False,0.0,0.0
train,1286,44138,0,clean,1,1,1,True,False,0.0,0.0
train,1287,39558,0,clean,5,5,5,True,False,0.0,0.0
train,1288,13951,0,clean,0,0,0,True,False,0.0,0.0
train,1289,27764,0,clean,2,2,2,True,False,0.0,0.0
train,1290,36110,0,clean,6,6,6,True,False,0.0,0.0
train,1291,3020,0,clean,1,1,1,True,False,0.0,0.0
train,1292,40238,0,clean,7,7,7,True,False,0.0,0.0
train,1293,12596,0,clean,6,6,6,True,False,0.0,0.0
train,1294,41519,0,clean,1,1,1,True,False,0.0,0.0
train,1295,15669,0,clean,1,1,1,True,False,0.0,0.0
train,1296,46189,1,fgsm,9,9,1,True,True,0.03137260675430298,1.6481506824493408
train,1297,19038,1,fgsm,6,6,3,True,True,0.03137260675430298,1.6238892078399658
train,1298,36971,1,cw,7,7,5,True,True,0.00499996542930603,0.20680128037929535
train,1299,35539,1,cw,8,8,9,True,True,0.010006099939346313,0.42309924960136414
train,1300,24563,1,cw,8,8,6,True,True,0.010006308555603027,0.4377443194389343
train,1301,45696,1,fgsm,9,9,8,True,True,0.03137260675430298,1.7357226610183716
train,1302,44138,1,cw,1,1,9,True,True,0.00499996542930603,0.24239154160022736
train,1303,39558,1,cw,5,5,3,True,True,0.00499996542930603,0.16792337596416473
train,1304,13951,1,pgd,0,0,2,True,True,0.03137260675430298,1.3647786378860474
train,1305,27764,1,fgsm,2,2,4,True,True,0.03137257695198059,1.7280373573303223
train,1306,36110,1,pgd,6,6,3,True,True,0.03137257695198059,1.3726094961166382
train,1307,3020,1,cw,1,1,9,True,True,0.015002131462097168,0.4375210702419281
train,1308,40238,1,pgd,7,7,5,True,True,0.03137260675430298,1.3461189270019531
train,1309,12596,1,pgd,6,6,2,True,True,0.03137260675430298,1.4047750234603882
train,1310,41519,1,fgsm,1,1,9,True,True,0.03137260675430298,1.7319973707199097
train,1311,15669,1,fgsm,1,1,8,True,True,0.03137260675430298,1.7283798456192017
train,1312,27654,0,clean,9,9,9,True,False,0.0,0.0
train,1313,18380,0,clean,6,6,6,True,False,0.0,0.0
train,1314,35603,0,clean,0,0,0,True,False,0.0,0.0
train,1315,31569,0,clean,7,7,7,True,False,0.0,0.0
train,1316,42443,0,clean,1,1,1,True,False,0.0,0.0
train,1317,10369,0,clean,8,8,8,True,False,0.0,0.0
train,1318,47724,0,clean,7,7,7,True,False,0.0,0.0
train,1319,38896,0,clean,5,5,5,True,False,0.0,0.0
train,1320,2232,0,clean,8,8,8,True,False,0.0,0.0
train,1321,5072,0,clean,3,3,3,True,False,0.0,0.0
train,1322,420,0,clean,4,4,4,True,False,0.0,0.0
train,1323,5342,0,clean,4,4,4,True,False,0.0,0.0
train,1324,5852,0,clean,0,0,0,True,False,0.0,0.0
train,1325,35660,0,clean,5,5,5,True,False,0.0,0.0
train,1326,5370,0,clean,2,2,2,True,False,0.0,0.0
train,1327,4146,0,clean,3,3,3,True,False,0.0,0.0
train,1328,27654,1,pgd,9,9,8,True,True,0.03137260675430298,1.4269129037857056
train,1329,18380,1,cw,6,6,5,True,True,0.01000639796257019,0.41017335653305054
train,1330,35603,1,fgsm,0,0,2,True,True,0.03137260675430298,1.7388430833816528
train,1331,31569,1,fgsm,7,7,4,True,True,0.03137260675430298,1.737051248550415
train,1332,42443,1,fgsm,1,1,9,True,True,0.03137260675430298,1.6531352996826172
train,1333,10369,1,fgsm,8,8,0,True,True,0.03137260675430298,1.7388430833816528
train,1334,47724,1,pgd,7,7,3,True,True,0.03137260675430298,1.3509272336959839
train,1335,38896,1,fgsm,5,5,3,True,True,0.03137260675430298,1.7364667654037476
train,1336,2232,1,pgd,8,8,0,True,True,0.03137257695198059,1.3106886148452759
train,1337,5072,1,pgd,3,3,6,True,True,0.03137257695198059,1.4703716039657593
train,1338,420,1,cw,4,4,3,True,True,0.00499996542930603,0.2630099952220917
train,1339,5342,1,cw,4,4,3,True,True,0.01000639796257019,0.4376240372657776
train,1340,5852,1,fgsm,0,0,7,True,True,0.03137260675430298,1.7388430833816528
train,1341,35660,1,cw,5,5,3,True,True,0.00499996542930603,0.22692376375198364
train,1342,5370,1,fgsm,2,2,2,True,False,0.03137260675430298,1.489194631576538
train,1343,4146,1,fgsm,3,3,5,True,True,0.03137257695198059,1.7388430833816528
train,1344,29133,0,clean,1,1,1,True,False,0.0,0.0
train,1345,14517,0,clean,7,7,7,True,False,0.0,0.0
train,1346,33487,0,clean,9,9,9,True,False,0.0,0.0
train,1347,42989,0,clean,5,5,5,True,False,0.0,0.0
train,1348,23139,0,clean,1,1,1,True,False,0.0,0.0
train,1349,18498,0,clean,9,9,9,True,False,0.0,0.0
train,1350,21081,0,clean,4,4,4,True,False,0.0,0.0
train,1351,12445,0,clean,6,6,6,True,False,0.0,0.0
train,1352,36255,0,clean,8,8,8,True,False,0.0,0.0
train,1353,19403,0,clean,6,6,6,True,False,0.0,0.0
train,1354,17354,0,clean,5,5,5,True,False,0.0,0.0
train,1355,15011,0,clean,8,8,8,True,False,0.0,0.0
train,1356,14492,0,clean,4,4,4,True,False,0.0,0.0
train,1357,30795,0,clean,2,2,2,True,False,0.0,0.0
train,1358,49849,0,clean,1,1,1,True,False,0.0,0.0
train,1359,36099,0,clean,9,9,9,True,False,0.0,0.0
train,1360,29133,1,fgsm,1,1,9,True,True,0.03137257695198059,1.7248750925064087
train,1361,14517,1,pgd,7,7,5,True,True,0.03137260675430298,1.381260633468628
train,1362,33487,1,pgd,9,9,2,True,True,0.03137260675430298,1.3765267133712769
train,1363,42989,1,pgd,5,5,6,True,True,0.03137260675430298,1.355539321899414
train,1364,23139,1,cw,1,1,9,True,True,0.00499996542930603,0.17423667013645172
train,1365,18498,1,cw,9,9,1,True,True,0.0200330913066864,0.7454187870025635
train,1366,21081,1,fgsm,4,4,2,True,True,0.03137257695198059,1.7388430833816528
train,1367,12445,1,cw,6,6,3,True,True,0.00499996542930603,0.23334328830242157
train,1368,36255,1,cw,8,8,9,True,True,0.010006040334701538,0.319850355386734
train,1369,19403,1,cw,6,6,4,True,True,0.01000562310218811,0.36517348885536194
train,1370,17354,1,fgsm,5,5,4,True,True,0.03137260675430298,1.5968586206436157
train,1371,15011,1,cw,8,8,0,True,True,0.010005325078964233,0.3557940721511841
train,1372,14492,1,cw,4,4,7,True,True,0.00499996542930603,0.2425941526889801
train,1373,30795,1,fgsm,2,2,3,True,True,0.03137260675430298,1.7381575107574463
train,1374,49849,1,fgsm,1,1,9,True,True,0.03137260675430298,1.7236486673355103
train,1375,36099,1,pgd,9,9,7,True,True,0.03137260675430298,1.2976912260055542
train,1376,44614,0,clean,4,4,4,True,False,0.0,0.0
train,1377,45667,0,clean,3,3,3,True,False,0.0,0.0
train,1378,18989,0,clean,9,9,9,True,False,0.0,0.0
train,1379,27611,0,clean,6,6,6,True,False,0.0,0.0
train,1380,37876,0,clean,5,5,5,True,False,0.0,0.0
train,1381,37815,0,clean,5,5,5,True,False,0.0,0.0
train,1382,18451,0,clean,0,0,0,True,False,0.0,0.0
train,1383,24852,0,clean,6,6,6,True,False,0.0,0.0
train,1384,12222,0,clean,6,6,6,True,False,0.0,0.0
train,1385,12287,0,clean,2,2,2,True,False,0.0,0.0
train,1386,4919,0,clean,0,0,0,True,False,0.0,0.0
train,1387,20399,0,clean,7,7,7,True,False,0.0,0.0
train,1388,36885,0,clean,2,2,2,True,False,0.0,0.0
train,1389,49270,0,clean,7,7,7,True,False,0.0,0.0
train,1390,29080,0,clean,6,6,6,True,False,0.0,0.0
train,1391,44582,0,clean,0,0,0,True,False,0.0,0.0
train,1392,44614,1,cw,4,4,3,True,True,0.010006427764892578,0.38965046405792236
train,1393,45667,1,pgd,3,3,4,True,True,0.03137257695198059,1.381535530090332
train,1394,18989,1,fgsm,9,9,9,True,False,0.03137260675430298,1.7168455123901367
train,1395,27611,1,pgd,6,6,4,True,True,0.03137257695198059,1.4478751420974731
train,1396,37876,1,cw,5,5,3,True,True,0.00499996542930603,0.22140786051750183
train,1397,37815,1,cw,5,5,4,True,True,0.00499996542930603,0.24040743708610535
train,1398,18451,1,cw,0,0,8,True,True,0.01000639796257019,0.4162101149559021
train,1399,24852,1,pgd,6,6,3,True,True,0.03137257695198059,1.3053945302963257
train,1400,12222,1,cw,6,6,9,True,True,0.04132971167564392,0.585352897644043
train,1401,12287,1,pgd,2,2,5,True,True,0.03137260675430298,1.3205723762512207
train,1402,4919,1,cw,0,0,2,True,True,0.00499996542930603,0.22780099511146545
train,1403,20399,1,pgd,7,7,4,True,True,0.03137260675430298,1.4003642797470093
train,1404,36885,1,pgd,2,2,4,True,True,0.03137260675430298,1.3653380870819092
train,1405,49270,1,pgd,7,7,5,True,True,0.03137257695198059,1.4012720584869385
train,1406,29080,1,cw,6,6,3,True,True,0.015003174543380737,0.5677655935287476
train,1407,44582,1,cw,0,0,6,True,True,0.010005414485931396,0.335396409034729
train,1408,20148,0,clean,6,6,6,True,False,0.0,0.0
train,1409,15093,0,clean,6,6,6,True,False,0.0,0.0
train,1410,21101,0,clean,7,7,7,True,False,0.0,0.0
train,1411,48243,0,clean,3,3,3,True,False,0.0,0.0
train,1412,43947,0,clean,0,0,0,True,False,0.0,0.0
train,1413,45981,0,clean,4,7,7,False,False,0.0,0.0
train,1414,14872,0,clean,8,8,8,True,False,0.0,0.0
train,1415,31520,0,clean,7,7,7,True,False,0.0,0.0
train,1416,10632,0,clean,5,5,5,True,False,0.0,0.0
train,1417,22477,0,clean,8,8,8,True,False,0.0,0.0
train,1418,34533,0,clean,1,1,1,True,False,0.0,0.0
train,1419,36539,0,clean,2,2,2,True,False,0.0,0.0
train,1420,26462,0,clean,3,3,3,True,False,0.0,0.0
train,1421,49061,0,clean,6,6,6,True,False,0.0,0.0
train,1422,3347,0,clean,0,0,0,True,False,0.0,0.0
train,1423,49106,0,clean,2,2,2,True,False,0.0,0.0
train,1424,20148,1,cw,6,6,2,True,True,0.00499996542930603,0.2152010053396225
train,1425,15093,1,pgd,6,6,3,True,True,0.03137260675430298,1.389461636543274
train,1426,21101,1,pgd,7,7,5,True,True,0.03137260675430298,1.4344159364700317
train,1427,48243,1,fgsm,3,3,7,True,True,0.03137257695198059,1.7384228706359863
train,1428,43947,1,cw,0,0,2,True,True,0.010003894567489624,0.30563560128211975
train,1429,45981,1,pgd,4,7,7,False,False,0.03137260675430298,1.3646844625473022
train,1430,14872,1,fgsm,8,8,2,True,True,0.03137260675430298,1.7388430833816528
train,1431,31520,1,pgd,7,7,5,True,True,0.03137260675430298,1.4431545734405518
train,1432,10632,1,fgsm,5,5,9,True,True,0.03137257695198059,1.7376619577407837
train,1433,22477,1,pgd,8,8,3,True,True,0.03137260675430298,1.3392776250839233
train,1434,34533,1,cw,1,1,9,True,True,0.00499996542930603,0.22255757451057434
train,1435,36539,1,cw,2,2,0,True,True,0.00499996542930603,0.22594185173511505
train,1436,26462,1,pgd,3,3,4,True,True,0.03137257695198059,1.3299217224121094
train,1437,49061,1,fgsm,6,6,3,True,True,0.03137257695198059,1.7388430833816528
train,1438,3347,1,cw,0,0,2,True,True,0.010006308555603027,0.3800830841064453
train,1439,49106,1,cw,2,2,4,True,True,0.01000639796257019,0.41557449102401733
train,1440,35457,0,clean,4,4,4,True,False,0.0,0.0
train,1441,23207,0,clean,5,3,3,False,False,0.0,0.0
train,1442,32979,0,clean,1,1,1,True,False,0.0,0.0
train,1443,3123,0,clean,8,8,8,True,False,0.0,0.0
train,1444,49160,0,clean,8,8,8,True,False,0.0,0.0
train,1445,8720,0,clean,4,4,4,True,False,0.0,0.0
train,1446,34092,0,clean,6,6,6,True,False,0.0,0.0
train,1447,24181,0,clean,7,7,7,True,False,0.0,0.0
train,1448,5324,0,clean,0,0,0,True,False,0.0,0.0
train,1449,17567,0,clean,3,3,3,True,False,0.0,0.0
train,1450,18518,0,clean,1,1,1,True,False,0.0,0.0
train,1451,37552,0,clean,9,9,9,True,False,0.0,0.0
train,1452,18492,0,clean,8,8,8,True,False,0.0,0.0
train,1453,36502,0,clean,2,3,3,False,False,0.0,0.0
train,1454,34553,0,clean,2,2,2,True,False,0.0,0.0
train,1455,46535,0,clean,6,6,6,True,False,0.0,0.0
train,1456,35457,1,cw,4,4,0,True,True,0.010004162788391113,0.3733120262622833
train,1457,23207,1,fgsm,5,3,3,False,False,0.03137260675430298,1.7388430833816528
train,1458,32979,1,fgsm,1,1,9,True,True,0.03137260675430298,1.7362630367279053
train,1459,3123,1,pgd,8,8,3,True,True,0.03137260675430298,1.4002079963684082
train,1460,49160,1,cw,8,8,0,True,True,0.010005861520767212,0.4019695520401001
train,1461,8720,1,pgd,4,4,3,True,True,0.03137257695198059,1.362328052520752
train,1462,34092,1,pgd,6,6,4,True,True,0.03137257695198059,1.4322243928909302
train,1463,24181,1,cw,7,7,3,True,True,0.00499996542930603,0.17893655598163605
train,1464,5324,1,pgd,0,0,2,True,True,0.03137260675430298,1.4186229705810547
train,1465,17567,1,fgsm,3,3,5,True,True,0.03137260675430298,1.7307450771331787
train,1466,18518,1,cw,1,1,8,True,True,0.00499996542930603,0.2141788750886917
train,1467,37552,1,fgsm,9,9,1,True,True,0.03137260675430298,1.7316111326217651
train,1468,18492,1,fgsm,8,8,8,True,False,0.03137257695198059,1.7282017469406128
train,1469,36502,1,pgd,2,3,3,False,False,0.03137260675430298,1.4093306064605713
train,1470,34553,1,cw,2,2,3,True,True,0.00499996542930603,0.2251194715499878
train,1471,46535,1,pgd,6,6,8,True,True,0.03137257695198059,1.2885695695877075
train,1472,30043,0,clean,9,9,9,True,False,0.0,0.0
train,1473,8090,0,clean,1,1,1,True,False,0.0,0.0
train,1474,17948,0,clean,0,0,0,True,False,0.0,0.0
train,1475,29949,0,clean,8,8,8,True,False,0.0,0.0
train,1476,40618,0,clean,0,0,0,True,False,0.0,0.0
train,1477,39891,0,clean,4,4,4,True,False,0.0,0.0
train,1478,41183,0,clean,9,9,9,True,False,0.0,0.0
train,1479,20118,0,clean,8,8,8,True,False,0.0,0.0
train,1480,7010,0,clean,9,9,9,True,False,0.0,0.0
train,1481,43904,0,clean,2,2,2,True,False,0.0,0.0
train,1482,22760,0,clean,8,8,8,True,False,0.0,0.0
train,1483,13069,0,clean,0,0,0,True,False,0.0,0.0
train,1484,46496,0,clean,3,3,3,True,False,0.0,0.0
train,1485,37356,0,clean,6,6,6,True,False,0.0,0.0
train,1486,3395,0,clean,2,2,2,True,False,0.0,0.0
train,1487,7745,0,clean,2,2,2,True,False,0.0,0.0
train,1488,30043,1,cw,9,9,1,True,True,0.04130840301513672,0.49297210574150085
train,1489,8090,1,pgd,1,1,8,True,True,0.03137260675430298,1.4128650426864624
train,1490,17948,1,cw,0,0,7,True,True,0.010006338357925415,0.3559282422065735
train,1491,29949,1,fgsm,8,8,8,True,False,0.03137260675430298,1.7388430833816528
train,1492,40618,1,pgd,0,0,2,True,True,0.03137260675430298,1.369413137435913
train,1493,39891,1,fgsm,4,4,7,True,True,0.03137257695198059,1.7388430833816528
train,1494,41183,1,pgd,9,9,8,True,True,0.03137260675430298,1.4146672487258911
train,1495,20118,1,pgd,8,8,0,True,True,0.03137260675430298,1.354071021080017
train,1496,7010,1,fgsm,9,9,1,True,True,0.03137260675430298,1.664866328239441
train,1497,43904,1,pgd,2,2,4,True,True,0.03137257695198059,1.3022360801696777
train,1498,22760,1,cw,8,8,0,True,True,0.01501879096031189,0.5072486996650696
train,1499,13069,1,fgsm,0,0,3,True,True,0.03137260675430298,1.7385777235031128
train,1500,46496,1,pgd,3,3,2,True,True,0.03137260675430298,1.3455464839935303
train,1501,37356,1,fgsm,6,6,5,True,True,0.03137257695198059,1.7366703748703003
train,1502,3395,1,fgsm,2,2,3,True,True,0.03137260675430298,1.7270535230636597
train,1503,7745,1,fgsm,2,2,9,True,True,0.03137260675430298,1.7360594272613525
train,1504,21449,0,clean,5,5,5,True,False,0.0,0.0
train,1505,21263,0,clean,8,8,8,True,False,0.0,0.0
train,1506,32837,0,clean,1,1,1,True,False,0.0,0.0
train,1507,1684,0,clean,0,0,0,True,False,0.0,0.0
train,1508,19461,0,clean,7,7,7,True,False,0.0,0.0
train,1509,37148,0,clean,8,8,8,True,False,0.0,0.0
train,1510,41704,0,clean,7,7,7,True,False,0.0,0.0
train,1511,4299,0,clean,1,1,1,True,False,0.0,0.0
train,1512,47371,0,clean,2,2,2,True,False,0.0,0.0
train,1513,35512,0,clean,7,7,7,True,False,0.0,0.0
train,1514,24660,0,clean,6,6,6,True,False,0.0,0.0
train,1515,28839,0,clean,3,3,3,True,False,0.0,0.0
train,1516,5800,0,clean,3,3,3,True,False,0.0,0.0
train,1517,29782,0,clean,8,8,8,True,False,0.0,0.0
train,1518,48630,0,clean,5,5,5,True,False,0.0,0.0
train,1519,26364,0,clean,6,6,6,True,False,0.0,0.0
train,1520,21449,1,cw,5,5,3,True,True,0.00499996542930603,0.21823440492153168
train,1521,21263,1,fgsm,8,8,0,True,True,0.03137260675430298,1.7388430833816528
train,1522,32837,1,pgd,1,1,8,True,True,0.03137260675430298,1.3878459930419922
train,1523,1684,1,pgd,0,0,8,True,True,0.03137260675430298,1.330504298210144
train,1524,19461,1,cw,7,7,5,True,True,0.00499996542930603,0.23192082345485687
train,1525,37148,1,cw,8,8,9,True,True,0.010006219148635864,0.4021012485027313
train,1526,41704,1,fgsm,7,7,4,True,True,0.03137260675430298,1.7252851724624634
train,1527,4299,1,pgd,1,1,9,True,True,0.03137260675430298,1.3895989656448364
train,1528,47371,1,pgd,2,2,4,True,True,0.03137257695198059,1.287390112876892
train,1529,35512,1,fgsm,7,7,5,True,True,0.03137260675430298,1.7332090139389038
train,1530,24660,1,pgd,6,6,3,True,True,0.03137260675430298,1.3916070461273193
train,1531,28839,1,cw,3,3,2,True,True,0.00499996542930603,0.19010207056999207
train,1532,5800,1,pgd,3,3,5,True,True,0.03137257695198059,1.3918405771255493
train,1533,29782,1,fgsm,8,8,8,True,False,0.03137260675430298,1.7388430833816528
train,1534,48630,1,cw,5,5,4,True,True,0.00499996542930603,0.19245965778827667
train,1535,26364,1,cw,6,6,3,True,True,0.00499996542930603,0.20231904089450836
train,1536,6387,0,clean,4,4,4,True,False,0.0,0.0
train,1537,4583,0,clean,2,2,2,True,False,0.0,0.0
train,1538,49768,0,clean,1,1,1,True,False,0.0,0.0
train,1539,12351,0,clean,8,8,8,True,False,0.0,0.0
train,1540,25876,0,clean,7,7,7,True,False,0.0,0.0
train,1541,28445,0,clean,6,6,6,True,False,0.0,0.0
train,1542,30101,0,clean,0,0,0,True,False,0.0,0.0
train,1543,29303,0,clean,2,2,2,True,False,0.0,0.0
train,1544,39144,0,clean,7,7,7,True,False,0.0,0.0
train,1545,20662,0,clean,8,8,8,True,False,0.0,0.0
train,1546,2365,0,clean,0,0,0,True,False,0.0,0.0
train,1547,25831,0,clean,2,2,2,True,False,0.0,0.0
train,1548,4924,0,clean,4,4,4,True,False,0.0,0.0
train,1549,16896,0,clean,5,5,5,True,False,0.0,0.0
train,1550,36913,0,clean,6,6,6,True,False,0.0,0.0
train,1551,48172,0,clean,4,4,4,True,False,0.0,0.0
train,1552,6387,1,pgd,4,4,2,True,True,0.03137260675430298,1.3614028692245483
train,1553,4583,1,cw,2,2,3,True,True,0.00499996542930603,0.25517264008522034
train,1554,49768,1,cw,1,1,9,True,True,0.010006040334701538,0.39163556694984436
train,1555,12351,1,pgd,8,8,3,True,True,0.03137260675430298,1.3412147760391235
train,1556,25876,1,fgsm,7,7,5,True,True,0.03137257695198059,1.7366749048233032
train,1557,28445,1,cw,6,6,2,True,True,0.00499996542930603,0.23097094893455505
train,1558,30101,1,fgsm,0,0,2,True,True,0.03137260675430298,1.7266974449157715
train,1559,29303,1,pgd,2,2,4,True,True,0.03137257695198059,1.3442411422729492
train,1560,39144,1,cw,7,7,5,True,True,0.00499996542930603,0.2585974335670471
train,1561,20662,1,fgsm,8,8,0,True,True,0.03137260675430298,1.7338833808898926
train,1562,2365,1,fgsm,0,0,9,True,True,0.03137257695198059,1.7348496913909912
train,1563,25831,1,fgsm,2,2,0,True,True,0.03137260675430298,1.7388430833816528
train,1564,4924,1,pgd,4,4,6,True,True,0.03137260675430298,1.4106948375701904
train,1565,16896,1,cw,5,5,6,True,True,0.00499996542930603,0.20397624373435974
train,1566,36913,1,pgd,6,6,3,True,True,0.03137257695198059,1.3678302764892578
train,1567,48172,1,cw,4,4,5,True,True,0.01000446081161499,0.3243173062801361
train,1568,8865,0,clean,2,2,2,True,False,0.0,0.0
train,1569,40379,0,clean,0,0,0,True,False,0.0,0.0
train,1570,26836,0,clean,5,5,5,True,False,0.0,0.0
train,1571,41709,0,clean,6,6,6,True,False,0.0,0.0
train,1572,28327,0,clean,2,2,2,True,False,0.0,0.0
train,1573,48193,0,clean,5,5,5,True,False,0.0,0.0
train,1574,47935,0,clean,2,2,2,True,False,0.0,0.0
train,1575,39711,0,clean,7,7,7,True,False,0.0,0.0
train,1576,44500,0,clean,0,0,0,True,False,0.0,0.0
train,1577,30725,0,clean,4,4,4,True,False,0.0,0.0
train,1578,46642,0,clean,2,2,2,True,False,0.0,0.0
train,1579,37984,0,clean,0,0,0,True,False,0.0,0.0
train,1580,663,0,clean,0,0,0,True,False,0.0,0.0
train,1581,10562,0,clean,7,7,7,True,False,0.0,0.0
train,1582,48052,0,clean,3,3,3,True,False,0.0,0.0
train,1583,33285,0,clean,1,1,1,True,False,0.0,0.0
train,1584,8865,1,cw,2,2,4,True,True,0.00499996542930603,0.2545255124568939
train,1585,40379,1,cw,0,0,2,True,True,0.00499996542930603,0.2301192432641983
train,1586,26836,1,pgd,5,5,3,True,True,0.03137260675430298,1.4331640005111694
train,1587,41709,1,fgsm,6,6,4,True,True,0.03137260675430298,1.7074862718582153
train,1588,28327,1,fgsm,2,2,3,True,True,0.03137257695198059,1.738564372062683
train,1589,48193,1,cw,5,5,3,True,True,0.014994829893112183,0.48617544770240784
train,1590,47935,1,cw,2,2,4,True,True,0.014993488788604736,0.5808913707733154
train,1591,39711,1,pgd,7,7,9,True,True,0.03137260675430298,1.4099453687667847
train,1592,44500,1,fgsm,0,0,2,True,True,0.03137257695198059,1.7388430833816528
train,1593,30725,1,cw,4,4,7,True,True,0.00499996542930603,0.21934013068675995
train,1594,46642,1,cw,2,2,4,True,True,0.00499996542930603,0.2423969805240631
train,1595,37984,1,pgd,0,0,2,True,True,0.03137260675430298,1.4112803936004639
train,1596,663,1,pgd,0,0,8,True,True,0.03137260675430298,1.3893195390701294
train,1597,10562,1,pgd,7,7,5,True,True,0.03137260675430298,1.4601609706878662
train,1598,48052,1,pgd,3,3,0,True,True,0.03137260675430298,1.2967720031738281
train,1599,33285,1,cw,1,1,9,True,True,0.00499996542930603,0.23757705092430115
train,1600,16040,0,clean,7,7,7,True,False,0.0,0.0
train,1601,46188,0,clean,6,6,6,True,False,0.0,0.0
train,1602,27202,0,clean,0,0,0,True,False,0.0,0.0
train,1603,27368,0,clean,2,2,2,True,False,0.0,0.0
train,1604,7673,0,clean,1,1,1,True,False,0.0,0.0
train,1605,13232,0,clean,2,2,2,True,False,0.0,0.0
train,1606,15527,0,clean,5,3,3,False,False,0.0,0.0
train,1607,48671,0,clean,0,0,0,True,False,0.0,0.0
train,1608,31333,0,clean,2,2,2,True,False,0.0,0.0
train,1609,7616,0,clean,2,2,2,True,False,0.0,0.0
train,1610,28522,0,clean,4,4,4,True,False,0.0,0.0
train,1611,12667,0,clean,2,2,2,True,False,0.0,0.0
train,1612,4316,0,clean,5,5,5,True,False,0.0,0.0
train,1613,15126,0,clean,4,4,4,True,False,0.0,0.0
train,1614,18197,0,clean,4,4,4,True,False,0.0,0.0
train,1615,22325,0,clean,7,7,7,True,False,0.0,0.0
train,1616,16040,1,cw,7,7,5,True,True,0.00499996542930603,0.24660399556159973
train,1617,46188,1,pgd,6,6,4,True,True,0.03137257695198059,1.3983798027038574
train,1618,27202,1,cw,0,0,2,True,True,0.00499996542930603,0.11983221024274826
train,1619,27368,1,cw,2,2,5,True,True,0.010005921125411987,0.36982062458992004
train,1620,7673,1,pgd,1,1,9,True,True,0.03137260675430298,1.3781324625015259
train,1621,13232,1,cw,2,2,8,True,True,0.01000627875328064,0.28956419229507446
train,1622,15527,1,fgsm,5,3,3,False,False,0.03137260675430298,1.738776683807373
train,1623,48671,1,cw,0,0,3,True,True,0.00499996542930603,0.23232805728912354
train,1624,31333,1,cw,2,2,0,True,True,0.00499996542930603,0.13036562502384186
train,1625,7616,1,cw,2,2,0,True,True,0.00499996542930603,0.269187331199646
train,1626,28522,1,fgsm,4,4,5,True,True,0.03137260675430298,1.6963717937469482
train,1627,12667,1,cw,2,2,3,True,True,0.00499996542930603,0.2475326657295227
train,1628,4316,1,cw,5,5,3,True,True,0.010005921125411987,0.35329288244247437
train,1629,15126,1,pgd,4,4,0,True,True,0.03137260675430298,1.4025757312774658
train,1630,18197,1,cw,4,4,6,True,True,0.00499996542930603,0.23851463198661804
train,1631,22325,1,cw,7,7,5,True,True,0.00499996542930603,0.2355736494064331
train,1632,1368,0,clean,3,3,3,True,False,0.0,0.0
train,1633,42140,0,clean,9,9,9,True,False,0.0,0.0
train,1634,44387,0,clean,6,6,6,True,False,0.0,0.0
train,1635,40270,0,clean,8,8,8,True,False,0.0,0.0
train,1636,8946,0,clean,7,7,7,True,False,0.0,0.0
train,1637,32088,0,clean,4,4,4,True,False,0.0,0.0
train,1638,39697,0,clean,6,6,6,True,False,0.0,0.0
train,1639,49667,0,clean,6,6,6,True,False,0.0,0.0
train,1640,39223,0,clean,0,0,0,True,False,0.0,0.0
train,1641,30499,0,clean,4,4,4,True,False,0.0,0.0
train,1642,18014,0,clean,4,4,4,True,False,0.0,0.0
train,1643,42182,0,clean,8,8,8,True,False,0.0,0.0
train,1644,16666,0,clean,7,7,7,True,False,0.0,0.0
train,1645,34798,0,clean,6,6,6,True,False,0.0,0.0
train,1646,21628,0,clean,9,9,9,True,False,0.0,0.0
train,1647,23449,0,clean,0,0,0,True,False,0.0,0.0
train,1648,1368,1,cw,3,3,5,True,True,0.00499996542930603,0.21035222709178925
train,1649,42140,1,fgsm,9,9,1,True,True,0.03137260675430298,1.730727195739746
train,1650,44387,1,cw,6,6,3,True,True,0.00499996542930603,0.206294447183609
train,1651,40270,1,fgsm,8,8,8,True,False,0.03137260675430298,1.7388430833816528
train,1652,8946,1,fgsm,7,7,9,True,True,0.03137260675430298,1.7388430833816528
train,1653,32088,1,pgd,4,4,2,True,True,0.03137260675430298,1.37738835811615
train,1654,39697,1,fgsm,6,6,3,True,True,0.03137260675430298,1.7344685792922974
train,1655,49667,1,cw,6,6,3,True,True,0.010005682706832886,0.4138972759246826
train,1656,39223,1,fgsm,0,0,4,True,True,0.03137257695198059,1.7388430833816528
train,1657,30499,1,fgsm,4,4,6,True,True,0.03137257695198059,1.7365731000900269
train,1658,18014,1,fgsm,4,4,7,True,True,0.03137260675430298,1.7388430833816528
train,1659,42182,1,cw,8,8,2,True,True,0.010005980730056763,0.38806024193763733
train,1660,16666,1,cw,7,7,2,True,True,0.010006070137023926,0.3571746349334717
train,1661,34798,1,pgd,6,6,3,True,True,0.03137257695198059,1.3889648914337158
train,1662,21628,1,fgsm,9,9,1,True,True,0.03137260675430298,1.7230017185211182
train,1663,23449,1,cw,0,0,2,True,True,0.010005861520767212,0.2645498812198639
train,1664,40674,0,clean,4,4,4,True,False,0.0,0.0
train,1665,2366,0,clean,7,7,7,True,False,0.0,0.0
train,1666,48454,0,clean,5,5,5,True,False,0.0,0.0
train,1667,26284,0,clean,9,9,9,True,False,0.0,0.0
train,1668,11466,0,clean,6,6,6,True,False,0.0,0.0
train,1669,14993,0,clean,3,3,3,True,False,0.0,0.0
train,1670,6549,0,clean,2,2,2,True,False,0.0,0.0
train,1671,30547,0,clean,4,4,4,True,False,0.0,0.0
train,1672,48822,0,clean,5,5,5,True,False,0.0,0.0
train,1673,48476,0,clean,0,0,0,True,False,0.0,0.0
train,1674,23700,0,clean,3,3,3,True,False,0.0,0.0
train,1675,34260,0,clean,7,7,7,True,False,0.0,0.0
train,1676,3892,0,clean,6,6,6,True,False,0.0,0.0
train,1677,43213,0,clean,5,5,5,True,False,0.0,0.0
train,1678,17909,0,clean,3,3,3,True,False,0.0,0.0
train,1679,19327,0,clean,3,3,3,True,False,0.0,0.0
train,1680,40674,1,fgsm,4,4,3,True,True,0.03137257695198059,1.7370734214782715
train,1681,2366,1,pgd,7,7,4,True,True,0.03137260675430298,1.397847056388855
train,1682,48454,1,pgd,5,5,4,True,True,0.03137257695198059,1.3636417388916016
train,1683,26284,1,fgsm,9,9,1,True,True,0.03137260675430298,1.7349737882614136
train,1684,11466,1,pgd,6,6,1,True,True,0.03137260675430298,1.4533371925354004
train,1685,14993,1,fgsm,3,3,2,True,True,0.03137260675430298,1.7388430833816528
train,1686,6549,1,fgsm,2,2,3,True,True,0.03137257695198059,1.7375601530075073
train,1687,30547,1,cw,4,4,6,True,True,0.00499996542930603,0.19966936111450195
train,1688,48822,1,fgsm,5,5,3,True,True,0.03137260675430298,1.7388430833816528
train,1689,48476,1,pgd,0,0,2,True,True,0.03137257695198059,1.335008144378662
train,1690,23700,1,pgd,3,3,6,True,True,0.03137257695198059,1.3015832901000977
train,1691,34260,1,fgsm,7,7,4,True,True,0.03137260675430298,1.681607723236084
train,1692,3892,1,cw,6,6,3,True,True,0.020036786794662476,0.6318262815475464
train,1693,43213,1,cw,5,5,3,True,True,0.010005354881286621,0.3940347731113434
train,1694,17909,1,cw,3,3,5,True,True,0.00499996542930603,0.24409528076648712
train,1695,19327,1,cw,3,3,5,True,True,0.00499996542930603,0.20782968401908875
train,1696,28406,0,clean,9,9,9,True,False,0.0,0.0
train,1697,28881,0,clean,4,4,4,True,False,0.0,0.0
train,1698,26456,0,clean,1,1,1,True,False,0.0,0.0
train,1699,20226,0,clean,2,2,2,True,False,0.0,0.0
train,1700,33464,0,clean,5,5,5,True,False,0.0,0.0
train,1701,35316,0,clean,7,7,7,True,False,0.0,0.0
train,1702,12904,0,clean,3,3,3,True,False,0.0,0.0
train,1703,32446,0,clean,4,4,4,True,False,0.0,0.0
train,1704,21154,0,clean,1,1,1,True,False,0.0,0.0
train,1705,39762,0,clean,7,7,7,True,False,0.0,0.0
train,1706,28049,0,clean,4,4,4,True,False,0.0,0.0
train,1707,3088,0,clean,9,9,9,True,False,0.0,0.0
train,1708,42867,0,clean,0,0,0,True,False,0.0,0.0
train,1709,44333,0,clean,8,8,8,True,False,0.0,0.0
train,1710,38823,0,clean,0,0,0,True,False,0.0,0.0
train,1711,17827,0,clean,9,9,9,True,False,0.0,0.0
train,1712,28406,1,fgsm,9,9,1,True,True,0.03137260675430298,1.6766068935394287
train,1713,28881,1,pgd,4,4,5,True,True,0.03137257695198059,1.3455774784088135
train,1714,26456,1,fgsm,1,1,9,True,True,0.03137257695198059,1.727832555770874
train,1715,20226,1,fgsm,2,2,7,True,True,0.03137260675430298,1.7380955219268799
train,1716,33464,1,pgd,5,5,3,True,True,0.03137260675430298,1.3111367225646973
train,1717,35316,1,pgd,7,7,4,True,True,0.03137260675430298,1.4069722890853882
train,1718,12904,1,pgd,3,3,6,True,True,0.03137257695198059,1.427758812904358
train,1719,32446,1,cw,4,4,5,True,True,0.00499996542930603,0.22555731236934662
train,1720,21154,1,fgsm,1,1,9,True,True,0.03137260675430298,1.7355455160140991
train,1721,39762,1,fgsm,7,7,5,True,True,0.03137260675430298,1.5019862651824951
train,1722,28049,1,fgsm,4,4,4,True,False,0.03137260675430298,1.7387192249298096
train,1723,3088,1,fgsm,9,9,3,True,True,0.03137260675430298,1.7385467290878296
train,1724,42867,1,fgsm,0,0,2,True,True,0.03137257695198059,1.7026878595352173
train,1725,44333,1,cw,8,8,0,True,True,0.010004639625549316,0.3731725215911865
train,1726,38823,1,cw,0,0,8,True,True,0.00499996542930603,0.2470759153366089
train,1727,17827,1,pgd,9,9,8,True,True,0.03137260675430298,1.3395956754684448
train,1728,16043,0,clean,5,5,5,True,False,0.0,0.0
train,1729,18127,0,clean,3,3,3,True,False,0.0,0.0
train,1730,24028,0,clean,5,5,5,True,False,0.0,0.0
train,1731,45093,0,clean,9,9,9,True,False,0.0,0.0
train,1732,18378,0,clean,8,8,8,True,False,0.0,0.0
train,1733,18322,0,clean,2,2,2,True,False,0.0,0.0
train,1734,3100,0,clean,3,3,3,True,False,0.0,0.0
train,1735,7228,0,clean,3,3,3,True,False,0.0,0.0
train,1736,12393,0,clean,0,0,0,True,False,0.0,0.0
train,1737,29534,0,clean,7,7,7,True,False,0.0,0.0
train,1738,12461,0,clean,0,0,0,True,False,0.0,0.0
train,1739,48808,0,clean,3,3,3,True,False,0.0,0.0
train,1740,28537,0,clean,8,5,5,False,False,0.0,0.0
train,1741,5176,0,clean,6,6,6,True,False,0.0,0.0
train,1742,35554,0,clean,0,0,0,True,False,0.0,0.0
train,1743,22168,0,clean,2,2,2,True,False,0.0,0.0
train,1744,16043,1,cw,5,5,2,True,True,0.010006099939346313,0.36903032660484314
train,1745,18127,1,cw,3,3,5,True,True,0.0212288498878479,0.23591896891593933
train,1746,24028,1,fgsm,5,5,3,True,True,0.03137257695198059,1.737533688545227
train,1747,45093,1,fgsm,9,9,1,True,True,0.03137257695198059,1.7159943580627441
train,1748,18378,1,pgd,8,8,1,True,True,0.03137260675430298,1.4393397569656372
train,1749,18322,1,pgd,2,2,4,True,True,0.03137257695198059,1.2679287195205688
train,1750,3100,1,fgsm,3,3,5,True,True,0.03137260675430298,1.736838698387146
train,1751,7228,1,pgd,3,3,5,True,True,0.03137257695198059,1.352894902229309
train,1752,12393,1,cw,0,0,3,True,True,0.00499996542930603,0.1726660132408142
train,1753,29534,1,fgsm,7,7,2,True,True,0.03137260675430298,1.7388430833816528
train,1754,12461,1,cw,0,0,2,True,True,0.01000639796257019,0.4081351161003113
train,1755,48808,1,pgd,3,3,5,True,True,0.03137260675430298,1.380500078201294
train,1756,28537,1,pgd,8,5,5,False,False,0.03137260675430298,1.4447118043899536
train,1757,5176,1,fgsm,6,6,3,True,True,0.03137257695198059,1.7388430833816528
train,1758,35554,1,cw,0,0,2,True,True,0.00499996542930603,0.2447904795408249
train,1759,22168,1,fgsm,2,2,3,True,True,0.03137257695198059,1.7388430833816528
train,1760,3924,0,clean,1,1,1,True,False,0.0,0.0
train,1761,24031,0,clean,3,3,3,True,False,0.0,0.0
train,1762,28390,0,clean,9,9,9,True,False,0.0,0.0
train,1763,22407,0,clean,5,5,5,True,False,0.0,0.0
train,1764,13251,0,clean,5,5,5,True,False,0.0,0.0
train,1765,1524,0,clean,0,0,0,True,False,0.0,0.0
train,1766,13790,0,clean,7,7,7,True,False,0.0,0.0
train,1767,6512,0,clean,0,0,0,True,False,0.0,0.0
train,1768,18387,0,clean,3,3,3,True,False,0.0,0.0
train,1769,7452,0,clean,2,2,2,True,False,0.0,0.0
train,1770,31932,0,clean,4,4,4,True,False,0.0,0.0
train,1771,46793,0,clean,5,3,3,False,False,0.0,0.0
train,1772,14840,0,clean,2,2,2,True,False,0.0,0.0
train,1773,21588,0,clean,6,6,6,True,False,0.0,0.0
train,1774,43001,0,clean,8,8,8,True,False,0.0,0.0
train,1775,41547,0,clean,4,4,4,True,False,0.0,0.0
train,1776,3924,1,pgd,1,1,9,True,True,0.03137260675430298,1.3574954271316528
train,1777,24031,1,fgsm,3,3,5,True,True,0.03137257695198059,1.7206839323043823
train,1778,28390,1,pgd,9,9,1,True,True,0.03137260675430298,1.3854291439056396
train,1779,22407,1,pgd,5,5,3,True,True,0.03137260675430298,1.3666764497756958
train,1780,13251,1,pgd,5,5,2,True,True,0.03137260675430298,1.3391025066375732
train,1781,1524,1,cw,0,0,8,True,True,0.021522998809814453,0.23152920603752136
train,1782,13790,1,pgd,7,7,4,True,True,0.03137257695198059,1.3968371152877808
train,1783,6512,1,fgsm,0,0,8,True,True,0.03137260675430298,1.7384628057479858
train,1784,18387,1,pgd,3,3,5,True,True,0.03137257695198059,1.323270320892334
train,1785,7452,1,fgsm,2,2,5,True,True,0.03137257695198059,1.7055938243865967
train,1786,31932,1,fgsm,4,4,5,True,True,0.03137257695198059,1.7388430833816528
train,1787,46793,1,cw,5,3,3,False,False,0.00021755695343017578,0.0021835071966052055
train,1788,14840,1,pgd,2,2,3,True,True,0.03137260675430298,1.366231083869934
train,1789,21588,1,fgsm,6,6,1,True,True,0.03137257695198059,1.7385953664779663
train,1790,43001,1,cw,8,8,9,True,True,0.04507821798324585,0.547893762588501
train,1791,41547,1,pgd,4,4,3,True,True,0.03137260675430298,1.4571863412857056
train,1792,10853,0,clean,9,9,9,True,False,0.0,0.0
train,1793,28867,0,clean,2,2,2,True,False,0.0,0.0
train,1794,41854,0,clean,7,7,7,True,False,0.0,0.0
train,1795,21521,0,clean,2,2,2,True,False,0.0,0.0
train,1796,3504,0,clean,6,6,6,True,False,0.0,0.0
train,1797,35896,0,clean,8,8,8,True,False,0.0,0.0
train,1798,38885,0,clean,0,0,0,True,False,0.0,0.0
train,1799,12221,0,clean,6,6,6,True,False,0.0,0.0
train,1800,18922,0,clean,7,7,7,True,False,0.0,0.0
train,1801,4889,0,clean,9,9,9,True,False,0.0,0.0
train,1802,1915,0,clean,7,7,7,True,False,0.0,0.0
train,1803,29777,0,clean,1,1,1,True,False,0.0,0.0
train,1804,23474,0,clean,4,4,4,True,False,0.0,0.0
train,1805,8476,0,clean,1,1,1,True,False,0.0,0.0
train,1806,30616,0,clean,4,4,4,True,False,0.0,0.0
train,1807,27208,0,clean,3,3,3,True,False,0.0,0.0
train,1808,10853,1,fgsm,9,9,0,True,True,0.03137260675430298,1.7083326578140259
train,1809,28867,1,pgd,2,2,0,True,True,0.03137257695198059,1.277512788772583
train,1810,41854,1,cw,7,7,4,True,True,0.00499996542930603,0.23764567077159882
train,1811,21521,1,fgsm,2,2,8,True,True,0.03137260675430298,1.6995916366577148
train,1812,3504,1,fgsm,6,6,2,True,True,0.03137257695198059,1.7381088733673096
train,1813,35896,1,pgd,8,8,0,True,True,0.03137260675430298,1.374174952507019
train,1814,38885,1,cw,0,0,2,True,True,0.029332756996154785,0.28651949763298035
train,1815,12221,1,fgsm,6,6,2,True,True,0.03137257695198059,1.7388430833816528
train,1816,18922,1,pgd,7,7,4,True,True,0.03137257695198059,1.4089066982269287
train,1817,4889,1,pgd,9,9,8,True,True,0.03137260675430298,1.4013253450393677
train,1818,1915,1,fgsm,7,7,4,True,True,0.03137260675430298,1.7232961654663086
train,1819,29777,1,cw,1,1,9,True,True,0.010006248950958252,0.4003196954727173
train,1820,23474,1,cw,4,4,7,True,True,0.00499996542930603,0.2589779198169708
train,1821,8476,1,cw,1,1,9,True,True,0.01501840353012085,0.556948721408844
train,1822,30616,1,cw,4,4,2,True,True,0.040203601121902466,0.9492062330245972
train,1823,27208,1,pgd,3,3,7,True,True,0.03137257695198059,1.38872230052948
train,1824,20060,0,clean,4,4,4,True,False,0.0,0.0
train,1825,49215,0,clean,5,5,5,True,False,0.0,0.0
train,1826,13451,0,clean,4,4,4,True,False,0.0,0.0
train,1827,12556,0,clean,5,5,5,True,False,0.0,0.0
train,1828,33861,0,clean,8,8,8,True,False,0.0,0.0
train,1829,15878,0,clean,7,7,7,True,False,0.0,0.0
train,1830,14431,0,clean,7,7,7,True,False,0.0,0.0
train,1831,24791,0,clean,0,0,0,True,False,0.0,0.0
train,1832,33588,0,clean,9,9,9,True,False,0.0,0.0
train,1833,23346,0,clean,2,2,2,True,False,0.0,0.0
train,1834,20430,0,clean,9,9,9,True,False,0.0,0.0
train,1835,29700,0,clean,9,9,9,True,False,0.0,0.0
train,1836,18144,0,clean,7,7,7,True,False,0.0,0.0
train,1837,25750,0,clean,1,1,1,True,False,0.0,0.0
train,1838,28554,0,clean,3,3,3,True,False,0.0,0.0
train,1839,2999,0,clean,4,4,4,True,False,0.0,0.0
train,1840,20060,1,pgd,4,4,5,True,True,0.03137260675430298,1.4215164184570312
train,1841,49215,1,cw,5,5,7,True,True,0.00499996542930603,0.2100255936384201
train,1842,13451,1,pgd,4,4,5,True,True,0.03137257695198059,1.3121709823608398
train,1843,12556,1,pgd,5,5,3,True,True,0.03137260675430298,1.389928936958313
train,1844,33861,1,pgd,8,8,9,True,True,0.03137260675430298,1.290867567062378
train,1845,15878,1,fgsm,7,7,5,True,True,0.03137257695198059,1.7339320182800293
train,1846,14431,1,pgd,7,7,4,True,True,0.03137257695198059,1.4764000177383423
train,1847,24791,1,fgsm,0,0,2,True,True,0.03137260675430298,1.488316535949707
train,1848,33588,1,fgsm,9,9,0,True,True,0.03137260675430298,1.7103838920593262
train,1849,23346,1,fgsm,2,2,3,True,True,0.03137257695198059,1.7388430833816528
train,1850,20430,1,cw,9,9,1,True,True,0.042911410331726074,0.519665539264679
train,1851,29700,1,fgsm,9,9,1,True,True,0.03137260675430298,1.7331868410110474
train,1852,18144,1,cw,7,7,5,True,True,0.044746577739715576,0.5965990424156189
train,1853,25750,1,fgsm,1,1,9,True,True,0.03137260675430298,1.7283976078033447
train,1854,28554,1,cw,3,3,7,True,True,0.00499996542930603,0.19010138511657715
train,1855,2999,1,fgsm,4,4,2,True,True,0.03137260675430298,1.6638453006744385
train,1856,49309,0,clean,7,7,7,True,False,0.0,0.0
train,1857,37118,0,clean,7,7,7,True,False,0.0,0.0
train,1858,22054,0,clean,1,1,1,True,False,0.0,0.0
train,1859,48685,0,clean,5,5,5,True,False,0.0,0.0
train,1860,32468,0,clean,5,5,5,True,False,0.0,0.0
train,1861,35360,0,clean,2,2,2,True,False,0.0,0.0
train,1862,19677,0,clean,0,0,0,True,False,0.0,0.0
train,1863,28004,0,clean,9,9,9,True,False,0.0,0.0
train,1864,8069,0,clean,6,6,6,True,False,0.0,0.0
train,1865,38705,0,clean,2,2,2,True,False,0.0,0.0
train,1866,4259,0,clean,5,5,5,True,False,0.0,0.0
train,1867,19597,0,clean,9,9,9,True,False,0.0,0.0
train,1868,4151,0,clean,3,3,3,True,False,0.0,0.0
train,1869,13205,0,clean,3,3,3,True,False,0.0,0.0
train,1870,34959,0,clean,2,2,2,True,False,0.0,0.0
train,1871,27765,0,clean,6,6,6,True,False,0.0,0.0
train,1872,49309,1,pgd,7,7,5,True,True,0.03137257695198059,1.4078911542892456
train,1873,37118,1,pgd,7,7,2,True,True,0.03137257695198059,1.3021332025527954
train,1874,22054,1,pgd,1,1,9,True,True,0.03137260675430298,1.3538050651550293
train,1875,48685,1,fgsm,5,5,3,True,True,0.03137260675430298,1.7303895950317383
train,1876,32468,1,cw,5,5,3,True,True,0.010005444288253784,0.36339327692985535
train,1877,35360,1,cw,2,2,5,True,True,0.01000639796257019,0.37947624921798706
train,1878,19677,1,cw,0,0,2,True,True,0.01501968502998352,0.5117934942245483
train,1879,28004,1,fgsm,9,9,3,True,True,0.03137257695198059,1.7386528253555298
train,1880,8069,1,pgd,6,6,3,True,True,0.03137257695198059,1.3634543418884277
train,1881,38705,1,cw,2,2,0,True,True,0.009999841451644897,0.38751912117004395
train,1882,4259,1,pgd,5,5,3,True,True,0.03137260675430298,1.4800193309783936
train,1883,19597,1,fgsm,9,9,6,True,True,0.03137260675430298,1.630009651184082
train,1884,4151,1,fgsm,3,3,5,True,True,0.03137260675430298,1.736006259918213
train,1885,13205,1,cw,3,3,5,True,True,0.00499996542930603,0.22809907793998718
train,1886,34959,1,fgsm,2,2,4,True,True,0.03137257695198059,1.7388430833816528
train,1887,27765,1,pgd,6,6,2,True,True,0.03137257695198059,1.3816100358963013
train,1888,37804,0,clean,3,3,3,True,False,0.0,0.0
train,1889,26555,0,clean,4,4,4,True,False,0.0,0.0
train,1890,42198,0,clean,3,3,3,True,False,0.0,0.0
train,1891,4490,0,clean,0,0,0,True,False,0.0,0.0
train,1892,12285,0,clean,4,4,4,True,False,0.0,0.0
train,1893,46739,0,clean,8,8,8,True,False,0.0,0.0
train,1894,1906,0,clean,9,9,9,True,False,0.0,0.0
train,1895,11296,0,clean,9,9,9,True,False,0.0,0.0
train,1896,6604,0,clean,5,5,5,True,False,0.0,0.0
train,1897,47245,0,clean,8,8,8,True,False,0.0,0.0
train,1898,6926,0,clean,6,6,6,True,False,0.0,0.0
train,1899,26563,0,clean,8,8,8,True,False,0.0,0.0
train,1900,23723,0,clean,8,8,8,True,False,0.0,0.0
train,1901,11819,0,clean,5,5,5,True,False,0.0,0.0
train,1902,26041,0,clean,9,9,9,True,False,0.0,0.0
train,1903,960,0,clean,6,6,6,True,False,0.0,0.0
train,1904,37804,1,pgd,3,3,4,True,True,0.03137257695198059,1.3115038871765137
train,1905,26555,1,pgd,4,4,2,True,True,0.03137260675430298,1.3617939949035645
train,1906,42198,1,cw,3,3,7,True,True,0.00499996542930603,0.2600206434726715
train,1907,4490,1,fgsm,0,0,8,True,True,0.03137260675430298,1.7325389385223389
train,1908,12285,1,cw,4,4,5,True,True,0.00499996542930603,0.24253764748573303
train,1909,46739,1,cw,8,8,0,True,True,0.010006427764892578,0.40630751848220825
train,1910,1906,1,pgd,9,9,1,True,True,0.03137257695198059,1.4251900911331177
train,1911,11296,1,pgd,9,9,1,True,True,0.03137260675430298,1.3456422090530396
train,1912,6604,1,fgsm,5,5,4,True,True,0.03137260675430298,1.7359751462936401
train,1913,47245,1,fgsm,8,8,8,True,False,0.03137260675430298,1.7388430833816528
train,1914,6926,1,cw,6,6,2,True,True,0.00499996542930603,0.24874241650104523
train,1915,26563,1,cw,8,8,0,True,True,0.03638008236885071,0.4251942038536072
train,1916,23723,1,cw,8,8,0,True,True,0.00499996542930603,0.23354403674602509
train,1917,11819,1,cw,5,5,3,True,True,0.023137778043746948,0.2156359851360321
train,1918,26041,1,pgd,9,9,3,True,True,0.03137260675430298,1.3639419078826904
train,1919,960,1,fgsm,6,6,2,True,True,0.03137260675430298,1.735899806022644
train,1920,15608,0,clean,6,6,6,True,False,0.0,0.0
train,1921,36445,0,clean,1,1,1,True,False,0.0,0.0
train,1922,39263,0,clean,8,8,8,True,False,0.0,0.0
train,1923,31492,0,clean,2,2,2,True,False,0.0,0.0
train,1924,18738,0,clean,4,4,4,True,False,0.0,0.0
train,1925,35293,0,clean,3,3,3,True,False,0.0,0.0
train,1926,41482,0,clean,4,4,4,True,False,0.0,0.0
train,1927,2774,0,clean,6,6,6,True,False,0.0,0.0
train,1928,6981,0,clean,3,3,3,True,False,0.0,0.0
train,1929,45969,0,clean,2,2,2,True,False,0.0,0.0
train,1930,16945,0,clean,6,6,6,True,False,0.0,0.0
train,1931,21887,0,clean,9,9,9,True,False,0.0,0.0
train,1932,11216,0,clean,0,0,0,True,False,0.0,0.0
train,1933,3579,0,clean,8,8,8,True,False,0.0,0.0
train,1934,2701,0,clean,7,7,7,True,False,0.0,0.0
train,1935,35715,0,clean,3,3,3,True,False,0.0,0.0
train,1936,15608,1,pgd,6,6,5,True,True,0.03137257695198059,1.4140623807907104
train,1937,36445,1,fgsm,1,1,9,True,True,0.03137260675430298,1.7370290756225586
train,1938,39263,1,fgsm,8,8,0,True,True,0.03137260675430298,1.738458275794983
train,1939,31492,1,cw,2,2,4,True,True,0.00499996542930603,0.2635061740875244
train,1940,18738,1,fgsm,4,4,2,True,True,0.03137260675430298,1.7388432025909424
train,1941,35293,1,fgsm,3,3,2,True,True,0.03137260675430298,1.7388430833816528
train,1942,41482,1,cw,4,4,5,True,True,0.010006040334701538,0.3857934772968292
train,1943,2774,1,fgsm,6,6,1,True,True,0.03137260675430298,1.717024564743042
train,1944,6981,1,fgsm,3,3,4,True,True,0.03137257695198059,1.7367280721664429
train,1945,45969,1,fgsm,2,2,2,True,False,0.03137257695198059,1.7381839752197266
train,1946,16945,1,fgsm,6,6,4,True,True,0.03137257695198059,1.7388430833816528
train,1947,21887,1,cw,9,9,8,True,True,0.010004281997680664,0.37508898973464966
train,1948,11216,1,cw,0,0,2,True,True,0.00499996542930603,0.25768741965293884
train,1949,3579,1,pgd,8,8,2,True,True,0.03137257695198059,1.288749098777771
train,1950,2701,1,cw,7,7,4,True,True,0.00499996542930603,0.2167334407567978
train,1951,35715,1,fgsm,3,3,8,True,True,0.03137260675430298,1.7373167276382446
train,1952,3887,0,clean,9,9,9,True,False,0.0,0.0
train,1953,26925,0,clean,8,8,8,True,False,0.0,0.0
train,1954,36853,0,clean,1,1,1,True,False,0.0,0.0
train,1955,48327,0,clean,0,0,0,True,False,0.0,0.0
train,1956,6379,0,clean,8,8,8,True,False,0.0,0.0
train,1957,40089,0,clean,7,7,7,True,False,0.0,0.0
train,1958,8177,0,clean,4,4,4,True,False,0.0,0.0
train,1959,11008,0,clean,0,0,0,True,False,0.0,0.0
train,1960,10215,0,clean,0,0,0,True,False,0.0,0.0
train,1961,15622,0,clean,0,0,0,True,False,0.0,0.0
train,1962,773,0,clean,8,8,8,True,False,0.0,0.0
train,1963,38668,0,clean,4,4,4,True,False,0.0,0.0
train,1964,16877,0,clean,7,7,7,True,False,0.0,0.0
train,1965,1721,0,clean,8,8,8,True,False,0.0,0.0
train,1966,42621,0,clean,0,0,0,True,False,0.0,0.0
train,1967,16003,0,clean,6,6,6,True,False,0.0,0.0
train,1968,3887,1,fgsm,9,9,9,True,False,0.03137257695198059,1.7377549409866333
train,1969,26925,1,fgsm,8,8,8,True,False,0.03137260675430298,1.7380247116088867
train,1970,36853,1,cw,1,1,3,True,True,0.015019208192825317,0.502863347530365
train,1971,48327,1,pgd,0,0,8,True,True,0.03137260675430298,1.3854544162750244
train,1972,6379,1,pgd,8,8,3,True,True,0.03137260675430298,1.3016791343688965
train,1973,40089,1,fgsm,7,7,3,True,True,0.03137260675430298,1.7388430833816528
train,1974,8177,1,pgd,4,4,5,True,True,0.03137257695198059,1.3897228240966797
train,1975,11008,1,fgsm,0,0,2,True,True,0.03137260675430298,1.7311359643936157
train,1976,10215,1,fgsm,0,0,4,True,True,0.03137260675430298,1.7388430833816528
train,1977,15622,1,cw,0,0,2,True,True,0.010005533695220947,0.37114417552948
train,1978,773,1,pgd,8,8,4,True,True,0.03137260675430298,1.3147283792495728
train,1979,38668,1,pgd,4,4,5,True,True,0.03137257695198059,1.3046395778656006
train,1980,16877,1,fgsm,7,7,4,True,True,0.03137257695198059,1.7190117835998535
train,1981,1721,1,fgsm,8,8,2,True,True,0.03137260675430298,1.7385380268096924
train,1982,42621,1,cw,0,0,2,True,True,0.010004103183746338,0.3307274281978607
train,1983,16003,1,fgsm,6,6,3,True,True,0.03137257695198059,1.7388430833816528
train,1984,304,0,clean,1,1,1,True,False,0.0,0.0
train,1985,38566,0,clean,0,0,0,True,False,0.0,0.0
train,1986,39861,0,clean,2,2,2,True,False,0.0,0.0
train,1987,44462,0,clean,9,9,9,True,False,0.0,0.0
train,1988,4224,0,clean,4,4,4,True,False,0.0,0.0
train,1989,41779,0,clean,8,8,8,True,False,0.0,0.0
train,1990,11029,0,clean,0,0,0,True,False,0.0,0.0
train,1991,41891,0,clean,2,2,2,True,False,0.0,0.0
train,1992,27749,0,clean,0,0,0,True,False,0.0,0.0
train,1993,31799,0,clean,4,4,4,True,False,0.0,0.0
train,1994,3354,0,clean,4,4,4,True,False,0.0,0.0
train,1995,22684,0,clean,0,0,0,True,False,0.0,0.0
train,1996,3512,0,clean,1,1,1,True,False,0.0,0.0
train,1997,46647,0,clean,9,9,9,True,False,0.0,0.0
train,1998,41035,0,clean,3,3,3,True,False,0.0,0.0
train,1999,41361,0,clean,9,9,9,True,False,0.0,0.0
train,2000,304,1,pgd,1,1,8,True,True,0.03137260675430298,1.4227176904678345
train,2001,38566,1,pgd,0,0,2,True,True,0.03137260675430298,1.3639320135116577
train,2002,39861,1,cw,2,2,8,True,True,0.00499996542930603,0.26005831360816956
train,2003,44462,1,fgsm,9,9,8,True,True,0.03137260675430298,1.6474881172180176
train,2004,4224,1,cw,4,4,2,True,True,0.01000601053237915,0.4625753164291382
train,2005,41779,1,fgsm,8,8,2,True,True,0.03137260675430298,1.673388957977295
train,2006,11029,1,fgsm,0,0,8,True,True,0.03137260675430298,1.738776683807373
train,2007,41891,1,pgd,2,2,6,True,True,0.03137257695198059,1.304947018623352
train,2008,27749,1,cw,0,0,8,True,True,0.010001718997955322,0.3138028085231781
train,2009,31799,1,pgd,4,4,3,True,True,0.03137257695198059,1.3303499221801758
train,2010,3354,1,cw,4,4,6,True,True,0.00499996542930603,0.23676177859306335
train,2011,22684,1,pgd,0,0,8,True,True,0.03137260675430298,1.3847270011901855
train,2012,3512,1,pgd,1,1,9,True,True,0.03137260675430298,1.3901095390319824
train,2013,46647,1,fgsm,9,9,2,True,True,0.03137260675430298,1.69671630859375
train,2014,41035,1,pgd,3,3,5,True,True,0.03137257695198059,1.2998653650283813
train,2015,41361,1,fgsm,9,9,2,True,True,0.03137257695198059,1.7343355417251587
train,2016,7243,0,clean,0,0,0,True,False,0.0,0.0
train,2017,220,0,clean,0,0,0,True,False,0.0,0.0
train,2018,34030,0,clean,8,8,8,True,False,0.0,0.0
train,2019,31187,0,clean,8,8,8,True,False,0.0,0.0
train,2020,25857,0,clean,1,1,1,True,False,0.0,0.0
train,2021,45967,0,clean,2,2,2,True,False,0.0,0.0
train,2022,48208,0,clean,5,5,5,True,False,0.0,0.0
train,2023,6403,0,clean,8,8,8,True,False,0.0,0.0
train,2024,22049,0,clean,3,3,3,True,False,0.0,0.0
train,2025,5183,0,clean,3,3,3,True,False,0.0,0.0
train,2026,21997,0,clean,0,0,0,True,False,0.0,0.0
train,2027,3695,0,clean,4,4,4,True,False,0.0,0.0
train,2028,13990,0,clean,5,5,5,True,False,0.0,0.0
train,2029,28903,0,clean,4,4,4,True,False,0.0,0.0
train,2030,24055,0,clean,9,9,9,True,False,0.0,0.0
train,2031,25648,0,clean,9,9,9,True,False,0.0,0.0
train,2032,7243,1,cw,0,0,2,True,True,0.07090729475021362,0.528892457485199
train,2033,220,1,pgd,0,0,2,True,True,0.03137257695198059,1.410690426826477
train,2034,34030,1,pgd,8,8,0,True,True,0.03137260675430298,1.3866729736328125
train,2035,31187,1,pgd,8,8,2,True,True,0.03137260675430298,1.3222862482070923
train,2036,25857,1,fgsm,1,1,9,True,True,0.03137260675430298,1.7388430833816528
train,2037,45967,1,fgsm,2,2,0,True,True,0.03137260675430298,1.7138510942459106
train,2038,48208,1,cw,5,5,4,True,True,0.00499996542930603,0.24492458999156952
train,2039,6403,1,pgd,8,8,4,True,True,0.03137260675430298,1.342036485671997
train,2040,22049,1,cw,3,3,5,True,True,0.00499996542930603,0.18940149247646332
train,2041,5183,1,pgd,3,3,4,True,True,0.03137260675430298,1.3481552600860596
train,2042,21997,1,pgd,0,0,4,True,True,0.03137260675430298,1.3426071405410767
train,2043,3695,1,fgsm,4,4,6,True,True,0.03137257695198059,1.7279170751571655
train,2044,13990,1,cw,5,5,3,True,True,0.00499996542930603,0.2339775115251541
train,2045,28903,1,cw,4,4,5,True,True,0.0100058913230896,0.4436435401439667
train,2046,24055,1,pgd,9,9,1,True,True,0.03137260675430298,1.3995656967163086
train,2047,25648,1,fgsm,9,9,1,True,True,0.03137260675430298,1.7253475189208984
train,2048,47431,0,clean,0,0,0,True,False,0.0,0.0
train,2049,35438,0,clean,5,5,5,True,False,0.0,0.0
train,2050,43859,0,clean,1,1,1,True,False,0.0,0.0
train,2051,33023,0,clean,2,2,2,True,False,0.0,0.0
train,2052,39764,0,clean,9,9,9,True,False,0.0,0.0
train,2053,34017,0,clean,0,0,0,True,False,0.0,0.0
train,2054,27692,0,clean,8,8,8,True,False,0.0,0.0
train,2055,16488,0,clean,9,9,9,True,False,0.0,0.0
train,2056,486,0,clean,1,1,1,True,False,0.0,0.0
train,2057,32138,0,clean,8,8,8,True,False,0.0,0.0
train,2058,14330,0,clean,3,3,3,True,False,0.0,0.0
train,2059,34537,0,clean,0,0,0,True,False,0.0,0.0
train,2060,37323,0,clean,8,8,8,True,False,0.0,0.0
train,2061,47210,0,clean,3,3,3,True,False,0.0,0.0
train,2062,32042,0,clean,1,1,1,True,False,0.0,0.0
train,2063,19457,0,clean,1,1,1,True,False,0.0,0.0
train,2064,47431,1,pgd,0,0,2,True,True,0.03137260675430298,1.3615820407867432
train,2065,35438,1,cw,5,5,3,True,True,0.00499996542930603,0.21715709567070007
train,2066,43859,1,cw,1,1,9,True,True,0.00499996542930603,0.22997809946537018
train,2067,33023,1,fgsm,2,2,4,True,True,0.03137257695198059,1.738776683807373
train,2068,39764,1,pgd,9,9,1,True,True,0.03137260675430298,1.3146800994873047
train,2069,34017,1,cw,0,0,2,True,True,0.00499996542930603,0.24720881879329681
train,2070,27692,1,fgsm,8,8,2,True,True,0.03137260675430298,1.73604154586792
train,2071,16488,1,pgd,9,9,0,True,True,0.03137260675430298,1.2934175729751587
train,2072,486,1,pgd,1,1,9,True,True,0.03137260675430298,1.3977688550949097
train,2073,32138,1,fgsm,8,8,7,True,True,0.03137260675430298,1.730798363685608
train,2074,14330,1,pgd,3,3,5,True,True,0.03137260675430298,1.2327029705047607
train,2075,34537,1,pgd,0,0,8,True,True,0.03137260675430298,1.3615975379943848
train,2076,37323,1,fgsm,8,8,0,True,True,0.03137260675430298,1.737108826637268
train,2077,47210,1,fgsm,3,3,5,True,True,0.03137260675430298,1.6939949989318848
train,2078,32042,1,fgsm,1,1,9,True,True,0.03137260675430298,1.6926780939102173
train,2079,19457,1,cw,1,1,9,True,True,0.00499996542930603,0.20747554302215576
train,2080,26788,0,clean,7,7,7,True,False,0.0,0.0
train,2081,18375,0,clean,2,2,2,True,False,0.0,0.0
train,2082,32220,0,clean,0,0,0,True,False,0.0,0.0
train,2083,36335,0,clean,5,5,5,True,False,0.0,0.0
train,2084,36661,0,clean,6,6,6,True,False,0.0,0.0
train,2085,470,0,clean,7,7,7,True,False,0.0,0.0
train,2086,5906,0,clean,8,8,8,True,False,0.0,0.0
train,2087,12998,0,clean,7,7,7,True,False,0.0,0.0
train,2088,625,0,clean,6,6,6,True,False,0.0,0.0
train,2089,27293,0,clean,8,8,8,True,False,0.0,0.0
train,2090,3043,0,clean,3,3,3,True,False,0.0,0.0
train,2091,44493,0,clean,7,7,7,True,False,0.0,0.0
train,2092,27942,0,clean,1,1,1,True,False,0.0,0.0
train,2093,9032,0,clean,8,8,8,True,False,0.0,0.0
train,2094,12000,0,clean,6,6,6,True,False,0.0,0.0
train,2095,36660,0,clean,5,5,5,True,False,0.0,0.0
train,2096,26788,1,pgd,7,7,3,True,True,0.03137257695198059,1.3879139423370361
train,2097,18375,1,cw,2,2,4,True,True,0.01000562310218811,0.4093988537788391
train,2098,32220,1,pgd,0,0,2,True,True,0.03137260675430298,1.3434321880340576
train,2099,36335,1,fgsm,5,5,3,True,True,0.03137257695198059,1.7255971431732178
train,2100,36661,1,cw,6,6,8,True,True,0.00499996542930603,0.22153933346271515
train,2101,470,1,fgsm,7,7,5,True,True,0.03137260675430298,1.7382991313934326
train,2102,5906,1,pgd,8,8,3,True,True,0.03137260675430298,1.3836655616760254
train,2103,12998,1,fgsm,7,7,5,True,True,0.03137260675430298,1.73324453830719
train,2104,625,1,pgd,6,6,2,True,True,0.03137257695198059,1.3925679922103882
train,2105,27293,1,fgsm,8,8,9,True,True,0.03137257695198059,1.7378787994384766
train,2106,3043,1,cw,3,3,5,True,True,0.00499996542930603,0.251522958278656
train,2107,44493,1,cw,7,7,3,True,True,0.029215991497039795,0.3706792891025543
train,2108,27942,1,cw,1,1,9,True,True,0.01000639796257019,0.382079541683197
train,2109,9032,1,pgd,8,8,3,True,True,0.03137257695198059,1.3113574981689453
train,2110,12000,1,pgd,6,6,4,True,True,0.03137260675430298,1.3926475048065186
train,2111,36660,1,pgd,5,5,3,True,True,0.03137257695198059,1.3761770725250244
train,2112,6015,0,clean,0,0,0,True,False,0.0,0.0
train,2113,5692,0,clean,9,9,9,True,False,0.0,0.0
train,2114,40639,0,clean,0,0,0,True,False,0.0,0.0
train,2115,26251,0,clean,5,5,5,True,False,0.0,0.0
train,2116,4708,0,clean,9,9,9,True,False,0.0,0.0
train,2117,6404,0,clean,3,3,3,True,False,0.0,0.0
train,2118,33536,0,clean,6,6,6,True,False,0.0,0.0
train,2119,5587,0,clean,0,0,0,True,False,0.0,0.0
train,2120,42805,0,clean,1,1,1,True,False,0.0,0.0
train,2121,24646,0,clean,6,6,6,True,False,0.0,0.0
train,2122,29578,0,clean,0,0,0,True,False,0.0,0.0
train,2123,49222,0,clean,3,3,3,True,False,0.0,0.0
train,2124,13644,0,clean,5,5,5,True,False,0.0,0.0
train,2125,49052,0,clean,5,5,5,True,False,0.0,0.0
train,2126,22992,0,clean,8,8,8,True,False,0.0,0.0
train,2127,14432,0,clean,5,5,5,True,False,0.0,0.0
train,2128,6015,1,fgsm,0,0,2,True,True,0.03137260675430298,1.7388430833816528
train,2129,5692,1,fgsm,9,9,2,True,True,0.03137260675430298,1.7116916179656982
train,2130,40639,1,pgd,0,0,8,True,True,0.03137257695198059,1.3155025243759155
train,2131,26251,1,pgd,5,5,3,True,True,0.03137257695198059,1.3825234174728394
train,2132,4708,1,fgsm,9,9,2,True,True,0.03137260675430298,1.733142375946045
train,2133,6404,1,cw,3,3,2,True,True,0.00499996542930603,0.21166537702083588
train,2134,33536,1,pgd,6,6,2,True,True,0.03137257695198059,1.4081683158874512
train,2135,5587,1,pgd,0,0,8,True,True,0.03137260675430298,1.3658980131149292
train,2136,42805,1,cw,1,1,9,True,True,0.033555954694747925,0.38378456234931946
train,2137,24646,1,fgsm,6,6,2,True,True,0.03137257695198059,1.7377195358276367
train,2138,29578,1,pgd,0,0,2,True,True,0.03137257695198059,1.3678457736968994
train,2139,49222,1,fgsm,3,3,6,True,True,0.03137260675430298,1.577060580253601
train,2140,13644,1,pgd,5,5,2,True,True,0.03137257695198059,1.3688691854476929
train,2141,49052,1,fgsm,5,5,2,True,True,0.03137260675430298,1.7231712341308594
train,2142,22992,1,fgsm,8,8,3,True,True,0.03137257695198059,1.7288869619369507
train,2143,14432,1,pgd,5,5,4,True,True,0.03137260675430298,1.4119316339492798
train,2144,11801,0,clean,9,9,9,True,False,0.0,0.0
train,2145,46099,0,clean,1,1,1,True,False,0.0,0.0
train,2146,22852,0,clean,7,7,7,True,False,0.0,0.0
train,2147,3851,0,clean,1,1,1,True,False,0.0,0.0
train,2148,31361,0,clean,2,2,2,True,False,0.0,0.0
train,2149,1138,0,clean,8,8,8,True,False,0.0,0.0
train,2150,9989,0,clean,2,2,2,True,False,0.0,0.0
train,2151,7028,0,clean,7,7,7,True,False,0.0,0.0
train,2152,30930,0,clean,0,0,0,True,False,0.0,0.0
train,2153,38877,0,clean,4,4,4,True,False,0.0,0.0
train,2154,36440,0,clean,3,5,5,False,False,0.0,0.0
train,2155,41156,0,clean,9,9,9,True,False,0.0,0.0
train,2156,25757,0,clean,2,2,2,True,False,0.0,0.0
train,2157,45544,0,clean,5,5,5,True,False,0.0,0.0
train,2158,34744,0,clean,4,4,4,True,False,0.0,0.0
train,2159,40480,0,clean,2,2,2,True,False,0.0,0.0
train,2160,11801,1,pgd,9,9,0,True,True,0.03137260675430298,1.4038633108139038
train,2161,46099,1,fgsm,1,1,3,True,True,0.03137257695198059,1.7369626760482788
train,2162,22852,1,fgsm,7,7,3,True,True,0.03137260675430298,1.728980302810669
train,2163,3851,1,cw,1,1,9,True,True,0.020950257778167725,0.22996637225151062
train,2164,31361,1,pgd,2,2,0,True,True,0.03137260675430298,1.3550115823745728
train,2165,1138,1,cw,8,8,9,True,True,0.010005086660385132,0.43063217401504517
train,2166,9989,1,fgsm,2,2,0,True,True,0.03137260675430298,1.707116961479187
train,2167,7028,1,cw,7,7,5,True,True,0.00499996542930603,0.24004040658473969
train,2168,30930,1,fgsm,0,0,9,True,True,0.03137260675430298,1.733324408531189
train,2169,38877,1,fgsm,4,4,7,True,True,0.03137260675430298,1.7388430833816528
train,2170,36440,1,fgsm,3,5,7,False,False,0.03137260675430298,1.7362498044967651
train,2171,41156,1,cw,9,9,1,True,True,0.01941433548927307,0.1911693811416626
train,2172,25757,1,cw,2,2,4,True,True,0.00499996542930603,0.23604212701320648
train,2173,45544,1,pgd,5,5,6,True,True,0.03137257695198059,1.265446424484253
train,2174,34744,1,fgsm,4,4,5,True,True,0.03137257695198059,1.7388430833816528
train,2175,40480,1,pgd,2,2,3,True,True,0.03137257695198059,1.2574186325073242
train,2176,45071,0,clean,4,4,4,True,False,0.0,0.0
train,2177,4376,0,clean,2,2,2,True,False,0.0,0.0
train,2178,29859,0,clean,7,7,7,True,False,0.0,0.0
train,2179,30604,0,clean,0,0,0,True,False,0.0,0.0
train,2180,16667,0,clean,7,7,7,True,False,0.0,0.0
train,2181,12983,0,clean,7,7,7,True,False,0.0,0.0
train,2182,7947,0,clean,8,8,8,True,False,0.0,0.0
train,2183,10538,0,clean,7,7,7,True,False,0.0,0.0
train,2184,37361,0,clean,2,2,2,True,False,0.0,0.0
train,2185,40293,0,clean,9,9,9,True,False,0.0,0.0
train,2186,11765,0,clean,4,4,4,True,False,0.0,0.0
train,2187,12326,0,clean,5,5,5,True,False,0.0,0.0
train,2188,40942,0,clean,7,7,7,True,False,0.0,0.0
train,2189,7603,0,clean,3,3,3,True,False,0.0,0.0
train,2190,28563,0,clean,3,3,3,True,False,0.0,0.0
train,2191,45043,0,clean,5,5,5,True,False,0.0,0.0
train,2192,45071,1,cw,4,4,5,True,True,0.00499996542930603,0.23663896322250366
train,2193,4376,1,pgd,2,2,3,True,True,0.03137260675430298,1.352462649345398
train,2194,29859,1,cw,7,7,5,True,True,0.00499996542930603,0.20494498312473297
train,2195,30604,1,pgd,0,0,2,True,True,0.03137257695198059,1.2900701761245728
train,2196,16667,1,pgd,7,7,2,True,True,0.03137257695198059,1.334100365638733
train,2197,12983,1,pgd,7,7,4,True,True,0.03137260675430298,1.4912785291671753
train,2198,7947,1,cw,8,8,0,True,True,0.00499996542930603,0.24464432895183563
train,2199,10538,1,cw,7,7,5,True,True,0.040259331464767456,0.5819297432899475
train,2200,37361,1,fgsm,2,2,4,True,True,0.03137257695198059,1.7100735902786255
train,2201,40293,1,cw,9,9,1,True,True,0.00499996542930603,0.2285604029893875
train,2202,11765,1,cw,4,4,2,True,True,0.00499996542930603,0.2700399160385132
train,2203,12326,1,fgsm,5,5,2,True,True,0.03137260675430298,1.7374539375305176
train,2204,40942,1,cw,7,7,0,True,True,0.00499996542930603,0.20862902700901031
train,2205,7603,1,pgd,3,3,5,True,True,0.03137260675430298,1.408478856086731
train,2206,28563,1,pgd,3,3,7,True,True,0.03137260675430298,1.4268325567245483
train,2207,45043,1,pgd,5,5,3,True,True,0.03137260675430298,1.408788800239563
train,2208,42629,0,clean,4,4,4,True,False,0.0,0.0
train,2209,21599,0,clean,7,7,7,True,False,0.0,0.0
train,2210,8394,0,clean,9,9,9,True,False,0.0,0.0
train,2211,8498,0,clean,7,7,7,True,False,0.0,0.0
train,2212,26745,0,clean,4,4,4,True,False,0.0,0.0
train,2213,23778,0,clean,7,7,7,True,False,0.0,0.0
train,2214,40780,0,clean,8,8,8,True,False,0.0,0.0
train,2215,23315,0,clean,2,2,2,True,False,0.0,0.0
train,2216,33711,0,clean,0,0,0,True,False,0.0,0.0
train,2217,22533,0,clean,1,1,1,True,False,0.0,0.0
train,2218,37960,0,clean,4,4,4,True,False,0.0,0.0
train,2219,34434,0,clean,0,0,0,True,False,0.0,0.0
train,2220,33058,0,clean,0,0,0,True,False,0.0,0.0
train,2221,33847,0,clean,1,1,1,True,False,0.0,0.0
train,2222,43590,0,clean,5,5,5,True,False,0.0,0.0
train,2223,49291,0,clean,8,8,8,True,False,0.0,0.0
train,2224,42629,1,cw,4,4,5,True,True,0.010005682706832886,0.39680325984954834
train,2225,21599,1,cw,7,7,5,True,True,0.01000639796257019,0.38433852791786194
train,2226,8394,1,pgd,9,9,3,True,True,0.03137260675430298,1.4169082641601562
train,2227,8498,1,cw,7,7,4,True,True,0.010005861520767212,0.3759838044643402
train,2228,26745,1,pgd,4,4,3,True,True,0.03137257695198059,1.3475377559661865
train,2229,23778,1,fgsm,7,7,2,True,True,0.03137260675430298,1.7385865449905396
train,2230,40780,1,cw,8,8,1,True,True,0.025046169757843018,0.7581626772880554
train,2231,23315,1,cw,2,2,7,True,True,0.00499996542930603,0.18764466047286987
train,2232,33711,1,pgd,0,0,8,True,True,0.03137260675430298,1.3002606630325317
train,2233,22533,1,cw,1,1,0,True,True,0.00499996542930603,0.2237262725830078
train,2234,37960,1,pgd,4,4,6,True,True,0.03137257695198059,1.3467702865600586
train,2235,34434,1,fgsm,0,0,3,True,True,0.03137260675430298,1.7388430833816528
train,2236,33058,1,pgd,0,0,2,True,True,0.03137257695198059,1.3985071182250977
train,2237,33847,1,fgsm,1,1,9,True,True,0.03137257695198059,1.7346280813217163
train,2238,43590,1,pgd,5,5,2,True,True,0.03137260675430298,1.3534979820251465
train,2239,49291,1,fgsm,8,8,9,True,True,0.03137260675430298,1.7379451990127563
train,2240,39473,0,clean,4,4,4,True,False,0.0,0.0
train,2241,38941,0,clean,4,4,4,True,False,0.0,0.0
train,2242,21206,0,clean,1,1,1,True,False,0.0,0.0
train,2243,28911,0,clean,7,7,7,True,False,0.0,0.0
train,2244,31029,0,clean,0,0,0,True,False,0.0,0.0
train,2245,1987,0,clean,9,9,9,True,False,0.0,0.0
train,2246,9013,0,clean,4,4,4,True,False,0.0,0.0
train,2247,12157,0,clean,7,7,7,True,False,0.0,0.0
train,2248,16893,0,clean,4,4,4,True,False,0.0,0.0
train,2249,3443,0,clean,0,0,0,True,False,0.0,0.0
train,2250,13133,0,clean,9,9,9,True,False,0.0,0.0
train,2251,49388,0,clean,8,8,8,True,False,0.0,0.0
train,2252,49925,0,clean,7,7,7,True,False,0.0,0.0
train,2253,14506,0,clean,9,9,9,True,False,0.0,0.0
train,2254,43940,0,clean,7,7,7,True,False,0.0,0.0
train,2255,1090,0,clean,1,1,1,True,False,0.0,0.0
train,2256,39473,1,cw,4,4,2,True,True,0.010005384683609009,0.37380653619766235
train,2257,38941,1,pgd,4,4,5,True,True,0.03137260675430298,1.3702551126480103
train,2258,21206,1,cw,1,1,9,True,True,0.015015125274658203,0.5737136006355286
train,2259,28911,1,fgsm,7,7,2,True,True,0.03137260675430298,1.734282374382019
train,2260,31029,1,pgd,0,0,2,True,True,0.03137260675430298,1.3430626392364502
train,2261,1987,1,fgsm,9,9,1,True,True,0.03137260675430298,1.7218364477157593
train,2262,9013,1,pgd,4,4,2,True,True,0.03137257695198059,1.436760663986206
train,2263,12157,1,pgd,7,7,4,True,True,0.03137260675430298,1.387380838394165
train,2264,16893,1,pgd,4,4,5,True,True,0.03137257695198059,1.353165626525879
train,2265,3443,1,cw,0,0,3,True,True,0.00499996542930603,0.2518204152584076
train,2266,13133,1,cw,9,9,1,True,True,0.01000627875328064,0.3994736075401306
train,2267,49388,1,fgsm,8,8,0,True,True,0.03137260675430298,1.7352441549301147
train,2268,49925,1,fgsm,7,7,5,True,True,0.03137260675430298,1.738166332244873
train,2269,14506,1,cw,9,9,7,True,True,0.00499996542930603,0.22481556236743927
train,2270,43940,1,pgd,7,7,5,True,True,0.03137257695198059,1.4386354684829712
train,2271,1090,1,cw,1,1,9,True,True,0.010006368160247803,0.3784737288951874
train,2272,13358,0,clean,9,9,9,True,False,0.0,0.0
train,2273,47802,0,clean,0,0,0,True,False,0.0,0.0
train,2274,32299,0,clean,2,2,2,True,False,0.0,0.0
train,2275,24950,0,clean,6,6,6,True,False,0.0,0.0
train,2276,25517,0,clean,5,5,5,True,False,0.0,0.0
train,2277,22558,0,clean,5,5,5,True,False,0.0,0.0
train,2278,965,0,clean,0,0,0,True,False,0.0,0.0
train,2279,28943,0,clean,6,6,6,True,False,0.0,0.0
train,2280,19283,0,clean,8,8,8,True,False,0.0,0.0
train,2281,19384,0,clean,2,2,2,True,False,0.0,0.0
train,2282,17924,0,clean,1,1,1,True,False,0.0,0.0
train,2283,5631,0,clean,4,4,4,True,False,0.0,0.0
train,2284,12986,0,clean,9,9,9,True,False,0.0,0.0
train,2285,25221,0,clean,3,3,3,True,False,0.0,0.0
train,2286,16604,0,clean,3,3,3,True,False,0.0,0.0
train,2287,23631,0,clean,8,8,8,True,False,0.0,0.0
train,2288,13358,1,fgsm,9,9,1,True,True,0.03137260675430298,1.697717547416687
train,2289,47802,1,pgd,0,0,8,True,True,0.03137260675430298,1.2757503986358643
train,2290,32299,1,cw,2,2,6,True,True,0.010003268718719482,0.3783584237098694
train,2291,24950,1,fgsm,6,6,3,True,True,0.03137257695198059,1.7337857484817505
train,2292,25517,1,cw,5,5,3,True,True,0.02355554699897766,0.21982336044311523
train,2293,22558,1,pgd,5,5,3,True,True,0.03137260675430298,1.4517252445220947
train,2294,965,1,cw,0,0,8,True,True,0.010005533695220947,0.3253835141658783
train,2295,28943,1,cw,6,6,2,True,True,0.00499996542930603,0.18572084605693817
train,2296,19283,1,fgsm,8,8,9,True,True,0.03137257695198059,1.7377681732177734
train,2297,19384,1,fgsm,2,2,4,True,True,0.03137260675430298,1.7388430833816528
train,2298,17924,1,fgsm,1,1,9,True,True,0.03137260675430298,1.717535138130188
train,2299,5631,1,cw,4,4,5,True,True,0.00499996542930603,0.24004508554935455
train,2300,12986,1,cw,9,9,1,True,True,0.00499996542930603,0.2138407826423645
train,2301,25221,1,pgd,3,3,2,True,True,0.03137260675430298,1.4234223365783691
train,2302,16604,1,fgsm,3,3,7,True,True,0.03137257695198059,1.7388430833816528
train,2303,23631,1,pgd,8,8,6,True,True,0.03137260675430298,1.3615449666976929
train,2304,23443,0,clean,3,3,3,True,False,0.0,0.0
train,2305,48014,0,clean,2,2,2,True,False,0.0,0.0
train,2306,34539,0,clean,6,6,6,True,False,0.0,0.0
train,2307,28218,0,clean,5,5,5,True,False,0.0,0.0
train,2308,46957,0,clean,2,2,2,True,False,0.0,0.0
train,2309,533,0,clean,2,2,2,True,False,0.0,0.0
train,2310,48249,0,clean,8,8,8,True,False,0.0,0.0
train,2311,32538,0,clean,0,0,0,True,False,0.0,0.0
train,2312,10399,0,clean,0,0,0,True,False,0.0,0.0
train,2313,6086,0,clean,8,8,8,True,False,0.0,0.0
train,2314,8297,0,clean,0,0,0,True,False,0.0,0.0
train,2315,36412,0,clean,7,7,7,True,False,0.0,0.0
train,2316,8912,0,clean,0,0,0,True,False,0.0,0.0
train,2317,25792,0,clean,0,0,0,True,False,0.0,0.0
train,2318,41144,0,clean,3,3,3,True,False,0.0,0.0
train,2319,25715,0,clean,4,4,4,True,False,0.0,0.0
train,2320,23443,1,fgsm,3,3,5,True,True,0.03137260675430298,1.7307939529418945
train,2321,48014,1,pgd,2,2,0,True,True,0.03137257695198059,1.3623818159103394
train,2322,34539,1,pgd,6,6,1,True,True,0.03137257695198059,1.4526995420455933
train,2323,28218,1,pgd,5,5,3,True,True,0.03137257695198059,1.3387477397918701
train,2324,46957,1,fgsm,2,2,3,True,True,0.03137257695198059,1.7357536554336548
train,2325,533,1,cw,2,2,3,True,True,0.00499996542930603,0.25774946808815
train,2326,48249,1,pgd,8,8,2,True,True,0.03137260675430298,1.3539329767227173
train,2327,32538,1,fgsm,0,0,8,True,True,0.03137260675430298,1.7388430833816528
train,2328,10399,1,fgsm,0,0,8,True,True,0.03137260675430298,1.7388430833816528
train,2329,6086,1,pgd,8,8,2,True,True,0.03137257695198059,1.389716386795044
train,2330,8297,1,cw,0,0,2,True,True,0.038240134716033936,0.5258869528770447
train,2331,36412,1,fgsm,7,7,6,True,True,0.03137257695198059,1.7388430833816528
train,2332,8912,1,cw,0,0,8,True,True,0.019451618194580078,0.1814674735069275
train,2333,25792,1,cw,0,0,2,True,True,0.00499996542930603,0.2247011959552765
train,2334,41144,1,pgd,3,3,4,True,True,0.03137257695198059,1.3808192014694214
train,2335,25715,1,fgsm,4,4,2,True,True,0.03137257695198059,1.7386707067489624
train,2336,6394,0,clean,3,3,3,True,False,0.0,0.0
train,2337,27810,0,clean,9,9,9,True,False,0.0,0.0
train,2338,31493,0,clean,2,2,2,True,False,0.0,0.0
train,2339,34350,0,clean,4,4,4,True,False,0.0,0.0
train,2340,2442,0,clean,4,4,4,True,False,0.0,0.0
train,2341,14794,0,clean,3,3,3,True,False,0.0,0.0
train,2342,43838,0,clean,0,0,0,True,False,0.0,0.0
train,2343,6058,0,clean,5,5,5,True,False,0.0,0.0
train,2344,49158,0,clean,9,9,9,True,False,0.0,0.0
train,2345,48545,0,clean,2,2,2,True,False,0.0,0.0
train,2346,9910,0,clean,0,0,0,True,False,0.0,0.0
train,2347,47178,0,clean,1,1,1,True,False,0.0,0.0
train,2348,20685,0,clean,3,3,3,True,False,0.0,0.0
train,2349,48006,0,clean,5,5,5,True,False,0.0,0.0
train,2350,31959,0,clean,1,1,1,True,False,0.0,0.0
train,2351,25312,0,clean,2,2,2,True,False,0.0,0.0
train,2352,6394,1,pgd,3,3,5,True,True,0.03137260675430298,1.3328642845153809
train,2353,27810,1,cw,9,9,1,True,True,0.03179922699928284,0.39755168557167053
train,2354,31493,1,pgd,2,2,3,True,True,0.03137260675430298,1.392121434211731
train,2355,34350,1,fgsm,4,4,3,True,True,0.03137257695198059,1.7378921508789062
train,2356,2442,1,cw,4,4,7,True,True,0.02001330256462097,0.5421662330627441
train,2357,14794,1,pgd,3,3,5,True,True,0.03137260675430298,1.3793563842773438
train,2358,43838,1,cw,0,0,1,True,True,0.00499996542930603,0.21047943830490112
train,2359,6058,1,cw,5,5,3,True,True,0.00499996542930603,0.22304952144622803
train,2360,49158,1,fgsm,9,9,1,True,True,0.03137260675430298,1.7366039752960205
train,2361,48545,1,pgd,2,2,7,True,True,0.03137260675430298,1.4122830629348755
train,2362,9910,1,cw,0,0,2,True,True,0.015011459589004517,0.5738804936408997
train,2363,47178,1,pgd,1,1,0,True,True,0.03137257695198059,1.408847689628601
train,2364,20685,1,pgd,3,3,5,True,True,0.03137260675430298,1.4006277322769165
train,2365,48006,1,pgd,5,5,6,True,True,0.03137260675430298,1.3301714658737183
train,2366,31959,1,pgd,1,1,8,True,True,0.03137260675430298,1.399781584739685
train,2367,25312,1,cw,2,2,3,True,True,0.010005861520767212,0.43150007724761963
train,2368,16551,0,clean,9,9,9,True,False,0.0,0.0
train,2369,20181,0,clean,9,9,9,True,False,0.0,0.0
train,2370,1877,0,clean,8,8,8,True,False,0.0,0.0
train,2371,16962,0,clean,1,1,1,True,False,0.0,0.0
train,2372,20758,0,clean,0,0,0,True,False,0.0,0.0
train,2373,38872,0,clean,1,1,1,True,False,0.0,0.0
train,2374,29870,0,clean,2,2,2,True,False,0.0,0.0
train,2375,20759,0,clean,0,0,0,True,False,0.0,0.0
train,2376,11500,0,clean,2,2,2,True,False,0.0,0.0
train,2377,37320,0,clean,1,1,1,True,False,0.0,0.0
train,2378,15219,0,clean,5,5,5,True,False,0.0,0.0
train,2379,44400,0,clean,4,4,4,True,False,0.0,0.0
train,2380,14973,0,clean,6,6,6,True,False,0.0,0.0
train,2381,6531,0,clean,9,9,9,True,False,0.0,0.0
train,2382,38568,0,clean,6,6,6,True,False,0.0,0.0
train,2383,32798,0,clean,5,5,5,True,False,0.0,0.0
train,2384,16551,1,pgd,9,9,8,True,True,0.03137260675430298,1.4346611499786377
train,2385,20181,1,cw,9,9,1,True,True,0.031152933835983276,0.386491060256958
train,2386,1877,1,cw,8,8,0,True,True,0.00499996542930603,0.20810121297836304
train,2387,16962,1,pgd,1,1,8,True,True,0.03137260675430298,1.381420612335205
train,2388,20758,1,pgd,0,0,2,True,True,0.03137260675430298,1.4168273210525513
train,2389,38872,1,cw,1,1,9,True,True,0.015005528926849365,0.4744463860988617
train,2390,29870,1,pgd,2,2,3,True,True,0.03137260675430298,1.4461696147918701
train,2391,20759,1,fgsm,0,0,6,True,True,0.03137260675430298,1.7388430833816528
train,2392,11500,1,cw,2,2,7,True,True,0.00499996542930603,0.24245017766952515
train,2393,37320,1,cw,1,1,9,True,True,0.010006099939346313,0.39939552545547485
train,2394,15219,1,cw,5,5,3,True,True,0.00499996542930603,0.22900766134262085
train,2395,44400,1,fgsm,4,4,2,True,True,0.03137260675430298,1.7388430833816528
train,2396,14973,1,cw,6,6,3,True,True,0.00499996542930603,0.23415516316890717
train,2397,6531,1,pgd,9,9,8,True,True,0.03137260675430298,1.434929370880127
train,2398,38568,1,fgsm,6,6,4,True,True,0.03137257695198059,1.733319878578186
train,2399,32798,1,cw,5,5,3,True,True,0.015020906925201416,0.5960357785224915
train,2400,13364,0,clean,9,9,9,True,False,0.0,0.0
train,2401,45381,0,clean,4,4,4,True,False,0.0,0.0
train,2402,10653,0,clean,3,3,3,True,False,0.0,0.0
train,2403,21352,0,clean,5,5,5,True,False,0.0,0.0
train,2404,13792,0,clean,5,5,5,True,False,0.0,0.0
train,2405,24085,0,clean,8,8,8,True,False,0.0,0.0
train,2406,40932,0,clean,5,5,5,True,False,0.0,0.0
train,2407,13616,0,clean,8,8,8,True,False,0.0,0.0
train,2408,6064,0,clean,1,1,1,True,False,0.0,0.0
train,2409,784,0,clean,5,5,5,True,False,0.0,0.0
train,2410,10966,0,clean,4,4,4,True,False,0.0,0.0
train,2411,23316,0,clean,5,5,5,True,False,0.0,0.0
train,2412,12549,0,clean,2,2,2,True,False,0.0,0.0
train,2413,24900,0,clean,4,4,4,True,False,0.0,0.0
train,2414,10117,0,clean,6,6,6,True,False,0.0,0.0
train,2415,42185,0,clean,2,2,2,True,False,0.0,0.0
train,2416,13364,1,cw,9,9,1,True,True,0.03908628225326538,0.5089871883392334
train,2417,45381,1,fgsm,4,4,2,True,True,0.03137260675430298,1.7349915504455566
train,2418,10653,1,fgsm,3,3,4,True,True,0.03137260675430298,1.6769095659255981
train,2419,21352,1,pgd,5,5,2,True,True,0.03137257695198059,1.4171544313430786
train,2420,13792,1,pgd,5,5,3,True,True,0.03137260675430298,1.3988922834396362
train,2421,24085,1,fgsm,8,8,1,True,True,0.03137260675430298,1.7237467765808105
train,2422,40932,1,pgd,5,5,2,True,True,0.03137260675430298,1.3901197910308838
train,2423,13616,1,pgd,8,8,3,True,True,0.03137260675430298,1.3015440702438354
train,2424,6064,1,cw,1,1,0,True,True,0.019998401403427124,0.5953765511512756
train,2425,784,1,cw,5,5,4,True,True,0.015013962984085083,0.5786720514297485
train,2426,10966,1,fgsm,4,4,6,True,True,0.03137257695198059,1.7368077039718628
train,2427,23316,1,fgsm,5,5,4,True,True,0.03137257695198059,1.7388430833816528
train,2428,12549,1,cw,2,2,5,True,True,0.00499996542930603,0.22378617525100708
train,2429,24900,1,fgsm,4,4,3,True,True,0.03137257695198059,1.7388430833816528
train,2430,10117,1,fgsm,6,6,3,True,True,0.03137260675430298,1.6837918758392334
train,2431,42185,1,cw,2,2,5,True,True,0.00499996542930603,0.25297144055366516
train,2432,6269,0,clean,1,1,1,True,False,0.0,0.0
train,2433,36288,0,clean,9,2,2,False,False,0.0,0.0
train,2434,10560,0,clean,7,7,7,True,False,0.0,0.0
train,2435,3467,0,clean,1,1,1,True,False,0.0,0.0
train,2436,18000,0,clean,9,9,9,True,False,0.0,0.0
train,2437,8116,0,clean,0,0,0,True,False,0.0,0.0
train,2438,319,0,clean,9,9,9,True,False,0.0,0.0
train,2439,18567,0,clean,9,9,9,True,False,0.0,0.0
train,2440,36600,0,clean,4,4,4,True,False,0.0,0.0
train,2441,5010,0,clean,0,0,0,True,False,0.0,0.0
train,2442,29566,0,clean,5,5,5,True,False,0.0,0.0
train,2443,35074,0,clean,8,8,8,True,False,0.0,0.0
train,2444,11685,0,clean,9,9,9,True,False,0.0,0.0
train,2445,698,0,clean,0,0,0,True,False,0.0,0.0
train,2446,17402,0,clean,4,4,4,True,False,0.0,0.0
train,2447,33332,0,clean,6,6,6,True,False,0.0,0.0
train,2448,6269,1,fgsm,1,1,9,True,True,0.03137260675430298,1.731429100036621
train,2449,36288,1,pgd,9,2,2,False,False,0.03137257695198059,1.378345251083374
train,2450,10560,1,pgd,7,7,4,True,True,0.03137257695198059,1.3649585247039795
train,2451,3467,1,fgsm,1,1,8,True,True,0.03137257695198059,1.4761358499526978
train,2452,18000,1,fgsm,9,9,9,True,False,0.03137260675430298,1.7382371425628662
train,2453,8116,1,pgd,0,0,9,True,True,0.03137260675430298,1.3713525533676147
train,2454,319,1,fgsm,9,9,3,True,True,0.03137260675430298,1.7339586019515991
train,2455,18567,1,pgd,9,9,8,True,True,0.03137260675430298,1.3765020370483398
train,2456,36600,1,cw,4,4,5,True,True,0.00499996542930603,0.25937727093696594
train,2457,5010,1,fgsm,0,0,8,True,True,0.03137257695198059,1.6023674011230469
train,2458,29566,1,fgsm,5,5,3,True,True,0.03137260675430298,1.7314069271087646
train,2459,35074,1,cw,8,8,9,True,True,0.010006219148635864,0.3216262459754944
train,2460,11685,1,fgsm,9,9,4,True,True,0.03137260675430298,1.7356075048446655
train,2461,698,1,pgd,0,0,2,True,True,0.03137260675430298,1.3859338760375977
train,2462,17402,1,pgd,4,4,6,True,True,0.03137257695198059,1.3472973108291626
train,2463,33332,1,cw,6,6,3,True,True,0.01000627875328064,0.37872314453125
train,2464,6028,0,clean,2,2,2,True,False,0.0,0.0
train,2465,27909,0,clean,3,3,3,True,False,0.0,0.0
train,2466,22765,0,clean,4,4,4,True,False,0.0,0.0
train,2467,22695,0,clean,3,3,3,True,False,0.0,0.0
train,2468,24016,0,clean,2,2,2,True,False,0.0,0.0
train,2469,7232,0,clean,6,6,6,True,False,0.0,0.0
train,2470,43762,0,clean,3,3,3,True,False,0.0,0.0
train,2471,23616,0,clean,6,6,6,True,False,0.0,0.0
train,2472,16700,0,clean,8,8,8,True,False,0.0,0.0
train,2473,4671,0,clean,7,7,7,True,False,0.0,0.0
train,2474,3458,0,clean,6,6,6,True,False,0.0,0.0
train,2475,43402,0,clean,3,3,3,True,False,0.0,0.0
train,2476,14750,0,clean,5,5,5,True,False,0.0,0.0
train,2477,24633,0,clean,2,2,2,True,False,0.0,0.0
train,2478,44653,0,clean,0,0,0,True,False,0.0,0.0
train,2479,2875,0,clean,2,2,2,True,False,0.0,0.0
train,2480,6028,1,pgd,2,2,5,True,True,0.03137260675430298,1.364218831062317
train,2481,27909,1,pgd,3,3,4,True,True,0.03137257695198059,1.397236704826355
train,2482,22765,1,fgsm,4,4,2,True,True,0.03137257695198059,1.7388430833816528
train,2483,22695,1,fgsm,3,3,5,True,True,0.03137260675430298,1.6720235347747803
train,2484,24016,1,fgsm,2,2,3,True,True,0.03137260675430298,1.7386705875396729
train,2485,7232,1,pgd,6,6,2,True,True,0.03137257695198059,1.4154407978057861
train,2486,43762,1,fgsm,3,3,4,True,True,0.03137260675430298,1.7388430833816528
train,2487,23616,1,pgd,6,6,1,True,True,0.03137257695198059,1.4951483011245728
train,2488,16700,1,cw,8,8,2,True,True,0.00499996542930603,0.24730247259140015
train,2489,4671,1,pgd,7,7,5,True,True,0.03137260675430298,1.3429893255233765
train,2490,3458,1,pgd,6,6,8,True,True,0.03137257695198059,1.2542023658752441
train,2491,43402,1,fgsm,3,3,5,True,True,0.03137257695198059,1.7388430833816528
train,2492,14750,1,pgd,5,5,3,True,True,0.03137257695198059,1.4048566818237305
train,2493,24633,1,cw,2,2,6,True,True,0.010002195835113525,0.3404208719730377
train,2494,44653,1,pgd,0,0,9,True,True,0.03137260675430298,1.4290719032287598
train,2495,2875,1,fgsm,2,2,4,True,True,0.03137257695198059,1.7388430833816528
train,2496,10089,0,clean,2,2,2,True,False,0.0,0.0
train,2497,7940,0,clean,7,7,7,True,False,0.0,0.0
train,2498,49522,0,clean,5,5,5,True,False,0.0,0.0
train,2499,24594,0,clean,4,4,4,True,False,0.0,0.0
train,2500,42983,0,clean,4,4,4,True,False,0.0,0.0
train,2501,37096,0,clean,5,5,5,True,False,0.0,0.0
train,2502,755,0,clean,6,6,6,True,False,0.0,0.0
train,2503,47852,0,clean,0,0,0,True,False,0.0,0.0
train,2504,13813,0,clean,3,3,3,True,False,0.0,0.0
train,2505,48212,0,clean,0,0,0,True,False,0.0,0.0
train,2506,41391,0,clean,9,9,9,True,False,0.0,0.0
train,2507,2179,0,clean,6,6,6,True,False,0.0,0.0
train,2508,17986,0,clean,1,1,1,True,False,0.0,0.0
train,2509,13201,0,clean,3,3,3,True,False,0.0,0.0
train,2510,41996,0,clean,9,9,9,True,False,0.0,0.0
train,2511,33749,0,clean,4,4,4,True,False,0.0,0.0
train,2512,10089,1,pgd,2,2,3,True,True,0.03137257695198059,1.3598270416259766
train,2513,7940,1,fgsm,7,7,4,True,True,0.03137260675430298,1.698636770248413
train,2514,49522,1,cw,5,5,2,True,True,0.00499996542930603,0.22586165368556976
train,2515,24594,1,pgd,4,4,2,True,True,0.03137257695198059,1.2658545970916748
train,2516,42983,1,fgsm,4,4,2,True,True,0.03137257695198059,1.7387192249298096
train,2517,37096,1,cw,5,5,3,True,True,0.00499996542930603,0.22135518491268158
train,2518,755,1,pgd,6,6,5,True,True,0.03137257695198059,1.303773045539856
train,2519,47852,1,cw,0,0,2,True,True,0.00499996542930603,0.2519809305667877
train,2520,13813,1,cw,3,3,5,True,True,0.00499996542930603,0.2341807335615158
train,2521,48212,1,fgsm,0,0,8,True,True,0.03137257695198059,1.7388430833816528
train,2522,41391,1,fgsm,9,9,1,True,True,0.03137260675430298,1.7054044008255005
train,2523,2179,1,pgd,6,6,3,True,True,0.03137257695198059,1.4590107202529907
train,2524,17986,1,cw,1,1,9,True,True,0.03647932410240173,0.5818804502487183
train,2525,13201,1,cw,3,3,6,True,True,0.00499996542930603,0.23400181531906128
train,2526,41996,1,cw,9,9,1,True,True,0.010006040334701538,0.37244725227355957
train,2527,33749,1,pgd,4,4,6,True,True,0.03137257695198059,1.3558894395828247
train,2528,35421,0,clean,7,7,7,True,False,0.0,0.0
train,2529,46889,0,clean,1,1,1,True,False,0.0,0.0
train,2530,30366,0,clean,8,8,8,True,False,0.0,0.0
train,2531,30085,0,clean,5,5,5,True,False,0.0,0.0
train,2532,410,0,clean,8,8,8,True,False,0.0,0.0
train,2533,4731,0,clean,6,6,6,True,False,0.0,0.0
train,2534,3947,0,clean,6,6,6,True,False,0.0,0.0
train,2535,22622,0,clean,0,0,0,True,False,0.0,0.0
train,2536,39042,0,clean,5,5,5,True,False,0.0,0.0
train,2537,20866,0,clean,1,1,1,True,False,0.0,0.0
train,2538,32096,0,clean,9,9,9,True,False,0.0,0.0
train,2539,45763,0,clean,0,0,0,True,False,0.0,0.0
train,2540,25456,0,clean,6,6,6,True,False,0.0,0.0
train,2541,40085,0,clean,4,4,4,True,False,0.0,0.0
train,2542,28142,0,clean,3,3,3,True,False,0.0,0.0
train,2543,6853,0,clean,5,4,4,False,False,0.0,0.0
train,2544,35421,1,pgd,7,7,4,True,True,0.03137260675430298,1.4252251386642456
train,2545,46889,1,cw,1,1,9,True,True,0.00499996542930603,0.25401678681373596
train,2546,30366,1,pgd,8,8,9,True,True,0.03137260675430298,1.2976244688034058
train,2547,30085,1,pgd,5,5,3,True,True,0.03137260675430298,1.3354105949401855
train,2548,410,1,fgsm,8,8,8,True,False,0.03137260675430298,1.7376575469970703
train,2549,4731,1,fgsm,6,6,5,True,True,0.03137257695198059,1.7388430833816528
train,2550,3947,1,fgsm,6,6,3,True,True,0.03137257695198059,1.5947576761245728
train,2551,22622,1,pgd,0,0,8,True,True,0.03137257695198059,1.3548768758773804
train,2552,39042,1,pgd,5,5,3,True,True,0.03137257695198059,1.3667328357696533
train,2553,20866,1,fgsm,1,1,9,True,True,0.03137260675430298,1.6220368146896362
train,2554,32096,1,pgd,9,9,1,True,True,0.03137260675430298,1.3203861713409424
train,2555,45763,1,pgd,0,0,8,True,True,0.03137260675430298,1.3287382125854492
train,2556,25456,1,fgsm,6,6,2,True,True,0.03137257695198059,1.738529086112976
train,2557,40085,1,cw,4,4,3,True,True,0.00499996542930603,0.25528091192245483
train,2558,28142,1,fgsm,3,3,4,True,True,0.03137260675430298,1.738776683807373
train,2559,6853,1,pgd,5,4,4,False,False,0.03137257695198059,1.2896380424499512
train,2560,20729,0,clean,9,9,9,True,False,0.0,0.0
train,2561,1661,0,clean,5,5,5,True,False,0.0,0.0
train,2562,21870,0,clean,1,1,1,True,False,0.0,0.0
train,2563,16581,0,clean,2,2,2,True,False,0.0,0.0
train,2564,48606,0,clean,9,9,9,True,False,0.0,0.0
train,2565,36210,0,clean,9,9,9,True,False,0.0,0.0
train,2566,23675,0,clean,7,7,7,True,False,0.0,0.0
train,2567,45165,0,clean,6,6,6,True,False,0.0,0.0
train,2568,25723,0,clean,6,6,6,True,False,0.0,0.0
train,2569,13852,0,clean,1,1,1,True,False,0.0,0.0
train,2570,28932,0,clean,9,9,9,True,False,0.0,0.0
train,2571,46918,0,clean,5,5,5,True,False,0.0,0.0
train,2572,36043,0,clean,3,3,3,True,False,0.0,0.0
train,2573,26335,0,clean,6,6,6,True,False,0.0,0.0
train,2574,13433,0,clean,2,2,2,True,False,0.0,0.0
train,2575,14278,0,clean,9,9,9,True,False,0.0,0.0
train,2576,20729,1,fgsm,9,9,2,True,True,0.03137257695198059,1.7380602359771729
train,2577,1661,1,cw,5,5,3,True,True,0.010003387928009033,0.30118393898010254
train,2578,21870,1,fgsm,1,1,9,True,True,0.03137260675430298,1.7388430833816528
train,2579,16581,1,fgsm,2,2,4,True,True,0.03137257695198059,1.7388430833816528
train,2580,48606,1,cw,9,9,0,True,True,0.00499996542930603,0.21793246269226074
train,2581,36210,1,cw,9,9,7,True,True,0.010005265474319458,0.35379254817962646
train,2582,23675,1,fgsm,7,7,5,True,True,0.03137260675430298,1.7343133687973022
train,2583,45165,1,cw,6,6,4,True,True,0.010002702474594116,0.30847856402397156
train,2584,25723,1,cw,6,6,3,True,True,0.00499996542930603,0.22335198521614075
train,2585,13852,1,pgd,1,1,9,True,True,0.03137257695198059,1.4578046798706055
train,2586,28932,1,pgd,9,9,1,True,True,0.03137260675430298,1.3973339796066284
train,2587,46918,1,pgd,5,5,7,True,True,0.03137260675430298,1.3531912565231323
train,2588,36043,1,pgd,3,3,2,True,True,0.03137260675430298,1.4022350311279297
train,2589,26335,1,pgd,6,6,2,True,True,0.03137257695198059,1.382142424583435
train,2590,13433,1,fgsm,2,2,5,True,True,0.03137257695198059,1.738776683807373
train,2591,14278,1,fgsm,9,9,9,True,False,0.03137260675430298,1.7266216278076172
train,2592,8466,0,clean,6,6,6,True,False,0.0,0.0
train,2593,34618,0,clean,1,1,1,True,False,0.0,0.0
train,2594,49126,0,clean,7,7,7,True,False,0.0,0.0
train,2595,30662,0,clean,5,5,5,True,False,0.0,0.0
train,2596,35590,0,clean,5,5,5,True,False,0.0,0.0
train,2597,49090,0,clean,8,8,8,True,False,0.0,0.0
train,2598,32064,0,clean,9,9,9,True,False,0.0,0.0
train,2599,6498,0,clean,4,4,4,True,False,0.0,0.0
train,2600,8433,0,clean,6,6,6,True,False,0.0,0.0
train,2601,32952,0,clean,9,9,9,True,False,0.0,0.0
train,2602,8957,0,clean,2,2,2,True,False,0.0,0.0
train,2603,19455,0,clean,3,3,3,True,False,0.0,0.0
train,2604,17040,0,clean,7,7,7,True,False,0.0,0.0
train,2605,7406,0,clean,5,5,5,True,False,0.0,0.0
train,2606,45974,0,clean,8,8,8,True,False,0.0,0.0
train,2607,20484,0,clean,5,5,5,True,False,0.0,0.0
train,2608,8466,1,fgsm,6,6,3,True,True,0.03137260675430298,1.38651704788208
train,2609,34618,1,cw,1,1,9,True,True,0.03459519147872925,0.4994938373565674
train,2610,49126,1,fgsm,7,7,3,True,True,0.03137260675430298,1.7388430833816528
train,2611,30662,1,pgd,5,5,3,True,True,0.03137260675430298,1.401294231414795
train,2612,35590,1,fgsm,5,5,2,True,True,0.03137260675430298,1.6992658376693726
train,2613,49090,1,pgd,8,8,0,True,True,0.03137257695198059,1.297930359840393
train,2614,32064,1,pgd,9,9,8,True,True,0.03137260675430298,1.3432749509811401
train,2615,6498,1,fgsm,4,4,5,True,True,0.03137257695198059,1.7382813692092896
train,2616,8433,1,cw,6,6,3,True,True,0.010006099939346313,0.4448833763599396
train,2617,32952,1,fgsm,9,9,8,True,True,0.03137260675430298,1.730936050415039
train,2618,8957,1,pgd,2,2,6,True,True,0.03137257695198059,1.394701600074768
train,2619,19455,1,fgsm,3,3,5,True,True,0.03137260675430298,1.6737563610076904
train,2620,17040,1,pgd,7,7,5,True,True,0.03137257695198059,1.423848032951355
train,2621,7406,1,pgd,5,5,2,True,True,0.03137257695198059,1.329687476158142
train,2622,45974,1,fgsm,8,8,8,True,False,0.03137260675430298,1.7388430833816528
train,2623,20484,1,pgd,5,5,4,True,True,0.03137260675430298,1.3253779411315918
train,2624,2840,0,clean,9,9,9,True,False,0.0,0.0
train,2625,9805,0,clean,7,7,7,True,False,0.0,0.0
train,2626,15299,0,clean,1,1,1,True,False,0.0,0.0
train,2627,23752,0,clean,1,1,1,True,False,0.0,0.0
train,2628,34377,0,clean,2,2,2,True,False,0.0,0.0
train,2629,22340,0,clean,8,8,8,True,False,0.0,0.0
train,2630,44671,0,clean,1,1,1,True,False,0.0,0.0
train,2631,25147,0,clean,4,4,4,True,False,0.0,0.0
train,2632,45559,0,clean,0,0,0,True,False,0.0,0.0
train,2633,736,0,clean,8,8,8,True,False,0.0,0.0
train,2634,21578,0,clean,3,3,3,True,False,0.0,0.0
train,2635,48713,0,clean,9,9,9,True,False,0.0,0.0
train,2636,3460,0,clean,4,4,4,True,False,0.0,0.0
train,2637,38639,0,clean,0,0,0,True,False,0.0,0.0
train,2638,38470,0,clean,6,6,6,True,False,0.0,0.0
train,2639,42315,0,clean,4,4,4,True,False,0.0,0.0
train,2640,2840,1,cw,9,9,1,True,True,0.010004311800003052,0.3706890940666199
train,2641,9805,1,pgd,7,7,4,True,True,0.03137257695198059,1.512326717376709
train,2642,15299,1,fgsm,1,1,9,True,True,0.03137260675430298,1.7377681732177734
train,2643,23752,1,pgd,1,1,9,True,True,0.03137260675430298,1.3901258707046509
train,2644,34377,1,pgd,2,2,3,True,True,0.03137257695198059,1.4261012077331543
train,2645,22340,1,cw,8,8,0,True,True,0.010005086660385132,0.3946942985057831
train,2646,44671,1,fgsm,1,1,9,True,True,0.03137260675430298,1.7384980916976929
train,2647,25147,1,cw,4,4,3,True,True,0.00499996542930603,0.23918168246746063
train,2648,45559,1,cw,0,0,9,True,True,0.010003775358200073,0.287819504737854
train,2649,736,1,fgsm,8,8,4,True,True,0.03137260675430298,1.737595558166504
train,2650,21578,1,cw,3,3,5,True,True,0.00499996542930603,0.21841785311698914
train,2651,48713,1,fgsm,9,9,1,True,True,0.03137260675430298,1.6776201725006104
train,2652,3460,1,fgsm,4,4,5,True,True,0.03137260675430298,1.735368251800537
train,2653,38639,1,cw,0,0,2,True,True,0.010005593299865723,0.44685646891593933
train,2654,38470,1,cw,6,6,3,True,True,0.010006427764892578,0.3063758611679077
train,2655,42315,1,fgsm,4,4,4,True,False,0.03137260675430298,1.7352441549301147
train,2656,30501,0,clean,4,4,4,True,False,0.0,0.0
train,2657,24177,0,clean,3,3,3,True,False,0.0,0.0
train,2658,16697,0,clean,8,8,8,True,False,0.0,0.0
train,2659,11022,0,clean,0,0,0,True,False,0.0,0.0
train,2660,42798,0,clean,5,5,5,True,False,0.0,0.0
train,2661,14134,0,clean,4,4,4,True,False,0.0,0.0
train,2662,38673,0,clean,3,3,3,True,False,0.0,0.0
train,2663,28587,0,clean,3,5,5,False,False,0.0,0.0
train,2664,47850,0,clean,2,2,2,True,False,0.0,0.0
train,2665,45602,0,clean,1,1,1,True,False,0.0,0.0
train,2666,42523,0,clean,2,2,2,True,False,0.0,0.0
train,2667,5088,0,clean,3,3,3,True,False,0.0,0.0
train,2668,39970,0,clean,8,8,8,True,False,0.0,0.0
train,2669,18244,0,clean,9,9,9,True,False,0.0,0.0
train,2670,6860,0,clean,0,0,0,True,False,0.0,0.0
train,2671,15976,0,clean,9,9,9,True,False,0.0,0.0
train,2672,30501,1,pgd,4,4,2,True,True,0.03137260675430298,1.3458970785140991
train,2673,24177,1,fgsm,3,3,4,True,True,0.03137257695198059,1.7388430833816528
train,2674,16697,1,pgd,8,8,0,True,True,0.03137260675430298,1.4387785196304321
train,2675,11022,1,cw,0,0,2,True,True,0.00499996542930603,0.25301873683929443
train,2676,42798,1,fgsm,5,5,3,True,True,0.03137260675430298,1.7364401817321777
train,2677,14134,1,fgsm,4,4,3,True,True,0.03137257695198059,1.7388432025909424
train,2678,38673,1,cw,3,3,5,True,True,0.00499996542930603,0.23802463710308075
train,2679,28587,1,pgd,3,5,5,False,False,0.03137260675430298,1.2924261093139648
train,2680,47850,1,cw,2,2,4,True,True,0.00499996542930603,0.24432699382305145
train,2681,45602,1,pgd,1,1,2,True,True,0.03137257695198059,1.2752630710601807
train,2682,42523,1,cw,2,2,6,True,True,0.010005205869674683,0.4254404902458191
train,2683,5088,1,cw,3,3,5,True,True,0.009997189044952393,0.3248024582862854
train,2684,39970,1,fgsm,8,8,0,True,True,0.03137260675430298,1.7340517044067383
train,2685,18244,1,fgsm,9,9,9,True,False,0.03137260675430298,1.7384318113327026
train,2686,6860,1,fgsm,0,0,9,True,True,0.03137260675430298,1.7329649925231934
train,2687,15976,1,cw,9,9,1,True,True,0.01000639796257019,0.35008496046066284
train,2688,20886,0,clean,7,7,7,True,False,0.0,0.0
train,2689,4529,0,clean,5,5,5,True,False,0.0,0.0
train,2690,161,0,clean,8,8,8,True,False,0.0,0.0
train,2691,20895,0,clean,1,1,1,True,False,0.0,0.0
train,2692,28975,0,clean,1,1,1,True,False,0.0,0.0
train,2693,29281,0,clean,7,7,7,True,False,0.0,0.0
train,2694,16803,0,clean,9,9,9,True,False,0.0,0.0
train,2695,26020,0,clean,6,6,6,True,False,0.0,0.0
train,2696,27406,0,clean,7,7,7,True,False,0.0,0.0
train,2697,16582,0,clean,7,7,7,True,False,0.0,0.0
train,2698,38727,0,clean,8,8,8,True,False,0.0,0.0
train,2699,5590,0,clean,1,1,1,True,False,0.0,0.0
train,2700,16047,0,clean,5,5,5,True,False,0.0,0.0
train,2701,5209,0,clean,3,3,3,True,False,0.0,0.0
train,2702,7237,0,clean,8,8,8,True,False,0.0,0.0
train,2703,49354,0,clean,1,1,1,True,False,0.0,0.0
train,2704,20886,1,cw,7,7,4,True,True,0.00499996542930603,0.2138654887676239
train,2705,4529,1,fgsm,5,5,3,True,True,0.03137257695198059,1.7192890644073486
train,2706,161,1,fgsm,8,8,0,True,True,0.03137260675430298,1.7356252670288086
train,2707,20895,1,fgsm,1,1,8,True,True,0.03137260675430298,1.7330138683319092
train,2708,28975,1,cw,1,1,9,True,True,0.02004191279411316,0.7590171694755554
train,2709,29281,1,pgd,7,7,4,True,True,0.03137260675430298,1.4731651544570923
train,2710,16803,1,fgsm,9,9,2,True,True,0.03137260675430298,1.7362853288650513
train,2711,26020,1,pgd,6,6,2,True,True,0.03137257695198059,1.433638334274292
train,2712,27406,1,cw,7,7,2,True,True,0.00499996542930603,0.21523678302764893
train,2713,16582,1,pgd,7,7,5,True,True,0.03137260675430298,1.3784831762313843
train,2714,38727,1,fgsm,8,8,2,True,True,0.03137260675430298,1.7388430833816528
train,2715,5590,1,fgsm,1,1,9,True,True,0.03137260675430298,1.7388430833816528
train,2716,16047,1,fgsm,5,5,3,True,True,0.03137260675430298,1.7367192506790161
train,2717,5209,1,pgd,3,3,5,True,True,0.03137257695198059,1.328004002571106
train,2718,7237,1,cw,8,8,0,True,True,0.0099983811378479,0.19263137876987457
train,2719,49354,1,pgd,1,1,9,True,True,0.03137260675430298,1.4251599311828613
train,2720,20437,0,clean,6,6,6,True,False,0.0,0.0
train,2721,16411,0,clean,3,3,3,True,False,0.0,0.0
train,2722,3758,0,clean,3,3,3,True,False,0.0,0.0
train,2723,18312,0,clean,8,8,8,True,False,0.0,0.0
train,2724,40723,0,clean,7,7,7,True,False,0.0,0.0
train,2725,6677,0,clean,7,7,7,True,False,0.0,0.0
train,2726,13054,0,clean,8,8,8,True,False,0.0,0.0
train,2727,22479,0,clean,1,1,1,True,False,0.0,0.0
train,2728,23552,0,clean,2,2,2,True,False,0.0,0.0
train,2729,17622,0,clean,7,7,7,True,False,0.0,0.0
train,2730,45424,0,clean,2,2,2,True,False,0.0,0.0
train,2731,3234,0,clean,9,9,9,True,False,0.0,0.0
train,2732,25963,0,clean,9,9,9,True,False,0.0,0.0
train,2733,15667,0,clean,4,4,4,True,False,0.0,0.0
train,2734,30062,0,clean,1,1,1,True,False,0.0,0.0
train,2735,32277,0,clean,5,5,5,True,False,0.0,0.0
train,2736,20437,1,cw,6,6,3,True,True,0.010005861520767212,0.32497143745422363
train,2737,16411,1,pgd,3,3,5,True,True,0.03137260675430298,1.3317805528640747
train,2738,3758,1,fgsm,3,3,5,True,True,0.03137260675430298,1.7385600805282593
train,2739,18312,1,pgd,8,8,0,True,True,0.03137260675430298,1.3699617385864258
train,2740,40723,1,fgsm,7,7,6,True,True,0.03137260675430298,1.7388430833816528
train,2741,6677,1,cw,7,7,4,True,True,0.00499996542930603,0.250759482383728
train,2742,13054,1,pgd,8,8,6,True,True,0.03137257695198059,1.2879077196121216
train,2743,22479,1,fgsm,1,1,9,True,True,0.03137260675430298,1.7169618606567383
train,2744,23552,1,pgd,2,2,3,True,True,0.03137257695198059,1.3215497732162476
train,2745,17622,1,cw,7,7,4,True,True,0.00499996542930603,0.22899942100048065
train,2746,45424,1,fgsm,2,2,6,True,True,0.03137257695198059,1.738630771636963
train,2747,3234,1,fgsm,9,9,1,True,True,0.03137260675430298,1.7337945699691772
train,2748,25963,1,cw,9,9,5,True,True,0.00499996542930603,0.21387797594070435
train,2749,15667,1,fgsm,4,4,6,True,True,0.03137257695198059,1.7388430833816528
train,2750,30062,1,fgsm,1,1,9,True,True,0.03137260675430298,1.7149767875671387
train,2751,32277,1,cw,5,5,7,True,True,0.00499996542930603,0.2586641013622284
train,2752,23707,0,clean,8,8,8,True,False,0.0,0.0
train,2753,45767,0,clean,4,4,4,True,False,0.0,0.0
train,2754,15451,0,clean,1,1,1,True,False,0.0,0.0
train,2755,19784,0,clean,4,4,4,True,False,0.0,0.0
train,2756,1453,0,clean,6,6,6,True,False,0.0,0.0
train,2757,2721,0,clean,8,8,8,True,False,0.0,0.0
train,2758,26690,0,clean,3,3,3,True,False,0.0,0.0
train,2759,2489,0,clean,8,8,8,True,False,0.0,0.0
train,2760,35432,0,clean,4,4,4,True,False,0.0,0.0
train,2761,44912,0,clean,9,9,9,True,False,0.0,0.0
train,2762,25834,0,clean,4,4,4,True,False,0.0,0.0
train,2763,23823,0,clean,4,4,4,True,False,0.0,0.0
train,2764,4434,0,clean,6,6,6,True,False,0.0,0.0
train,2765,24555,0,clean,2,2,2,True,False,0.0,0.0
train,2766,36393,0,clean,0,0,0,True,False,0.0,0.0
train,2767,3293,0,clean,5,5,5,True,False,0.0,0.0
train,2768,23707,1,cw,8,8,0,True,True,0.00499996542930603,0.23508501052856445
train,2769,45767,1,fgsm,4,4,5,True,True,0.03137260675430298,1.7341803312301636
train,2770,15451,1,cw,1,1,9,True,True,0.00499996542930603,0.23171758651733398
train,2771,19784,1,cw,4,4,7,True,True,0.00499996542930603,0.25262558460235596
train,2772,1453,1,fgsm,6,6,2,True,True,0.03137257695198059,1.7379628419876099
train,2773,2721,1,fgsm,8,8,9,True,True,0.03137260675430298,1.7346458435058594
train,2774,26690,1,cw,3,3,7,True,True,0.015013664960861206,0.5737124085426331
train,2775,2489,1,cw,8,8,9,True,True,0.015014082193374634,0.5333272218704224
train,2776,35432,1,fgsm,4,4,3,True,True,0.03137257695198059,1.7388430833816528
train,2777,44912,1,cw,9,9,1,True,True,0.010006070137023926,0.43038538098335266
train,2778,25834,1,pgd,4,4,5,True,True,0.03137257695198059,1.3291521072387695
train,2779,23823,1,cw,4,4,2,True,True,0.00499996542930603,0.24470831453800201
train,2780,4434,1,cw,6,6,2,True,True,0.00499996542930603,0.24244651198387146
train,2781,24555,1,pgd,2,2,5,True,True,0.03137260675430298,1.3532063961029053
train,2782,36393,1,cw,0,0,8,True,True,0.00499996542930603,0.23216857016086578
train,2783,3293,1,cw,5,5,3,True,True,0.00499996542930603,0.2374795377254486
train,2784,10383,0,clean,3,3,3,True,False,0.0,0.0
train,2785,4055,0,clean,4,4,4,True,False,0.0,0.0
train,2786,44980,0,clean,3,3,3,True,False,0.0,0.0
train,2787,37155,0,clean,9,9,9,True,False,0.0,0.0
train,2788,25630,0,clean,9,9,9,True,False,0.0,0.0
train,2789,29451,0,clean,3,3,3,True,False,0.0,0.0
train,2790,22557,0,clean,0,0,0,True,False,0.0,0.0
train,2791,39788,0,clean,5,5,5,True,False,0.0,0.0
train,2792,47986,0,clean,8,8,8,True,False,0.0,0.0
train,2793,39967,0,clean,5,5,5,True,False,0.0,0.0
train,2794,2946,0,clean,0,0,0,True,False,0.0,0.0
train,2795,16936,0,clean,4,4,4,True,False,0.0,0.0
train,2796,23369,0,clean,5,5,5,True,False,0.0,0.0
train,2797,26853,0,clean,1,1,1,True,False,0.0,0.0
train,2798,11319,0,clean,6,6,6,True,False,0.0,0.0
train,2799,7882,0,clean,2,2,2,True,False,0.0,0.0
train,2800,10383,1,fgsm,3,3,3,True,False,0.03137257695198059,1.7367368936538696
train,2801,4055,1,fgsm,4,4,5,True,True,0.03137257695198059,1.7380691766738892
train,2802,44980,1,cw,3,3,5,True,True,0.00499996542930603,0.23950785398483276
train,2803,37155,1,fgsm,9,9,6,True,True,0.03137260675430298,1.7046241760253906
train,2804,25630,1,cw,9,9,0,True,True,0.010003745555877686,0.33618491888046265
train,2805,29451,1,fgsm,3,3,6,True,True,0.03137260675430298,1.7379318475723267
train,2806,22557,1,fgsm,0,0,2,True,True,0.03137260675430298,1.735239863395691
train,2807,39788,1,cw,5,5,3,True,True,0.026729822158813477,0.2969825565814972
train,2808,47986,1,fgsm,8,8,9,True,True,0.03137260675430298,1.737268090248108
train,2809,39967,1,pgd,5,5,3,True,True,0.03137257695198059,1.3793267011642456
train,2810,2946,1,pgd,0,0,4,True,True,0.03137260675430298,1.3737657070159912
train,2811,16936,1,fgsm,4,4,9,True,True,0.03137260675430298,1.702701449394226
train,2812,23369,1,fgsm,5,5,7,True,True,0.03137260675430298,1.7365199327468872
train,2813,26853,1,fgsm,1,1,9,True,True,0.03137260675430298,1.7388430833816528
train,2814,11319,1,pgd,6,6,0,True,True,0.03137260675430298,1.3715496063232422
train,2815,7882,1,fgsm,2,2,3,True,True,0.03137257695198059,1.7388430833816528
train,2816,31046,0,clean,1,1,1,True,False,0.0,0.0
train,2817,16609,0,clean,2,2,2,True,False,0.0,0.0
train,2818,28877,0,clean,5,3,3,False,False,0.0,0.0
train,2819,36681,0,clean,2,2,2,True,False,0.0,0.0
train,2820,34152,0,clean,8,8,8,True,False,0.0,0.0
train,2821,20086,0,clean,0,0,0,True,False,0.0,0.0
train,2822,16759,0,clean,3,3,3,True,False,0.0,0.0
train,2823,32395,0,clean,7,7,7,True,False,0.0,0.0
train,2824,48856,0,clean,0,0,0,True,False,0.0,0.0
train,2825,38711,0,clean,0,0,0,True,False,0.0,0.0
train,2826,16408,0,clean,5,5,5,True,False,0.0,0.0
train,2827,33768,0,clean,5,5,5,True,False,0.0,0.0
train,2828,44848,0,clean,5,5,5,True,False,0.0,0.0
train,2829,17646,0,clean,3,3,3,True,False,0.0,0.0
train,2830,35692,0,clean,1,1,1,True,False,0.0,0.0
train,2831,15986,0,clean,6,6,6,True,False,0.0,0.0
train,2832,31046,1,fgsm,1,1,9,True,True,0.03137260675430298,1.6248313188552856
train,2833,16609,1,pgd,2,2,4,True,True,0.03137257695198059,1.283253788948059
train,2834,28877,1,pgd,5,3,6,False,False,0.03137260675430298,1.2837449312210083
train,2835,36681,1,cw,2,2,5,True,True,0.010005384683609009,0.38883310556411743
train,2836,34152,1,fgsm,8,8,0,True,True,0.03137257695198059,1.7382725477218628
train,2837,20086,1,pgd,0,0,8,True,True,0.03137260675430298,1.3842730522155762
train,2838,16759,1,fgsm,3,3,5,True,True,0.03137260675430298,1.738586664199829
train,2839,32395,1,pgd,7,7,4,True,True,0.03137257695198059,1.422350287437439
train,2840,48856,1,pgd,0,0,8,True,True,0.03137260675430298,1.2876460552215576
train,2841,38711,1,cw,0,0,2,True,True,0.010005384683609009,0.377914160490036
train,2842,16408,1,cw,5,5,3,True,True,0.00499996542930603,0.22894927859306335
train,2843,33768,1,fgsm,5,5,3,True,True,0.03137257695198059,1.7151157855987549
train,2844,44848,1,fgsm,5,5,3,True,True,0.03137260675430298,1.7369362115859985
train,2845,17646,1,cw,3,3,5,True,True,0.018647193908691406,0.19640396535396576
train,2846,35692,1,cw,1,1,9,True,True,0.010005950927734375,0.3565314710140228
train,2847,15986,1,pgd,6,6,3,True,True,0.03137257695198059,1.3108159303665161
train,2848,29415,0,clean,2,2,2,True,False,0.0,0.0
train,2849,6349,0,clean,1,1,1,True,False,0.0,0.0
train,2850,22470,0,clean,5,5,5,True,False,0.0,0.0
train,2851,21120,0,clean,7,7,7,True,False,0.0,0.0
train,2852,631,0,clean,8,8,8,True,False,0.0,0.0
train,2853,3834,0,clean,3,3,3,True,False,0.0,0.0
train,2854,38974,0,clean,1,1,1,True,False,0.0,0.0
train,2855,2157,0,clean,9,9,9,True,False,0.0,0.0
train,2856,19325,0,clean,7,7,7,True,False,0.0,0.0
train,2857,21197,0,clean,4,4,4,True,False,0.0,0.0
train,2858,40881,0,clean,8,8,8,True,False,0.0,0.0
train,2859,17836,0,clean,3,3,3,True,False,0.0,0.0
train,2860,38441,0,clean,8,8,8,True,False,0.0,0.0
train,2861,6791,0,clean,8,8,8,True,False,0.0,0.0
train,2862,5653,0,clean,4,4,4,True,False,0.0,0.0
train,2863,27951,0,clean,7,7,7,True,False,0.0,0.0
train,2864,29415,1,pgd,2,2,4,True,True,0.03137257695198059,1.2837486267089844
train,2865,6349,1,pgd,1,1,6,True,True,0.03137257695198059,1.4122284650802612
train,2866,22470,1,pgd,5,5,3,True,True,0.03137260675430298,1.455725073814392
train,2867,21120,1,cw,7,7,5,True,True,0.03780752420425415,0.5627861022949219
train,2868,631,1,cw,8,8,0,True,True,0.015012741088867188,0.5470938682556152
train,2869,3834,1,fgsm,3,3,6,True,True,0.03137260675430298,1.7388430833816528
train,2870,38974,1,cw,1,1,9,True,True,0.041903793811798096,0.501213788986206
train,2871,2157,1,pgd,9,9,1,True,True,0.03137260675430298,1.37058687210083
train,2872,19325,1,cw,7,7,5,True,True,0.0378076434135437,0.5154927372932434
train,2873,21197,1,fgsm,4,4,2,True,True,0.03137260675430298,1.721966028213501
train,2874,40881,1,pgd,8,8,6,True,True,0.03137257695198059,1.2604862451553345
train,2875,17836,1,cw,3,3,5,True,True,0.00499996542930603,0.2298440933227539
train,2876,38441,1,pgd,8,8,4,True,True,0.03137260675430298,1.385323405265808
train,2877,6791,1,fgsm,8,8,9,True,True,0.03137260675430298,1.7385997772216797
train,2878,5653,1,fgsm,4,4,2,True,True,0.03137260675430298,1.7388430833816528
train,2879,27951,1,cw,7,7,3,True,True,0.00499996542930603,0.22330106794834137
train,2880,2936,0,clean,2,4,4,False,False,0.0,0.0
train,2881,5718,0,clean,6,6,6,True,False,0.0,0.0
train,2882,6793,0,clean,7,7,7,True,False,0.0,0.0
train,2883,28362,0,clean,1,1,1,True,False,0.0,0.0
train,2884,42874,0,clean,7,7,7,True,False,0.0,0.0
train,2885,37702,0,clean,1,1,1,True,False,0.0,0.0
train,2886,35803,0,clean,1,1,1,True,False,0.0,0.0
train,2887,48503,0,clean,9,9,9,True,False,0.0,0.0
train,2888,29165,0,clean,3,3,3,True,False,0.0,0.0
train,2889,30418,0,clean,1,1,1,True,False,0.0,0.0
train,2890,12921,0,clean,4,4,4,True,False,0.0,0.0
train,2891,48402,0,clean,3,3,3,True,False,0.0,0.0
train,2892,23199,0,clean,8,8,8,True,False,0.0,0.0
train,2893,9815,0,clean,5,5,5,True,False,0.0,0.0
train,2894,49066,0,clean,1,1,1,True,False,0.0,0.0
train,2895,43220,0,clean,0,0,0,True,False,0.0,0.0
train,2896,2936,1,cw,2,4,4,False,False,0.00021755695343017578,0.0022801272571086884
train,2897,5718,1,fgsm,6,6,5,True,True,0.03137257695198059,1.7312514781951904
train,2898,6793,1,fgsm,7,7,5,True,True,0.03137260675430298,1.717476725578308
train,2899,28362,1,cw,1,1,9,True,True,0.05273294448852539,0.8196538090705872
train,2900,42874,1,fgsm,7,7,5,True,True,0.03137260675430298,1.7388430833816528
train,2901,37702,1,cw,1,1,9,True,True,0.010006368160247803,0.40553244948387146
train,2902,35803,1,cw,1,1,9,True,True,0.00499996542930603,0.20414769649505615
train,2903,48503,1,cw,9,9,1,True,True,0.029163390398025513,0.37737366557121277
train,2904,29165,1,cw,3,3,5,True,True,0.02974456548690796,0.31253618001937866
train,2905,30418,1,fgsm,1,1,9,True,True,0.03137260675430298,1.717382788658142
train,2906,12921,1,pgd,4,4,3,True,True,0.03137257695198059,1.3030192852020264
train,2907,48402,1,cw,3,3,5,True,True,0.019007980823516846,0.20616433024406433
train,2908,23199,1,cw,8,8,1,True,True,0.00499996542930603,0.2077357918024063
train,2909,9815,1,fgsm,5,5,3,True,True,0.03137260675430298,1.729109287261963
train,2910,49066,1,fgsm,1,1,9,True,True,0.03137260675430298,1.7375469207763672
train,2911,43220,1,cw,0,0,9,True,True,0.00499996542930603,0.21646137535572052
train,2912,7773,0,clean,5,5,5,True,False,0.0,0.0
train,2913,6945,0,clean,3,3,3,True,False,0.0,0.0
train,2914,10223,0,clean,5,5,5,True,False,0.0,0.0
train,2915,37989,0,clean,1,1,1,True,False,0.0,0.0
train,2916,37344,0,clean,6,6,6,True,False,0.0,0.0
train,2917,2495,0,clean,9,9,9,True,False,0.0,0.0
train,2918,2740,0,clean,8,8,8,True,False,0.0,0.0
train,2919,2129,0,clean,9,9,9,True,False,0.0,0.0
train,2920,27210,0,clean,3,3,3,True,False,0.0,0.0
train,2921,33896,0,clean,9,9,9,True,False,0.0,0.0
train,2922,8563,0,clean,1,1,1,True,False,0.0,0.0
train,2923,18538,0,clean,0,0,0,True,False,0.0,0.0
train,2924,32995,0,clean,7,7,7,True,False,0.0,0.0
train,2925,12472,0,clean,2,2,2,True,False,0.0,0.0
train,2926,19608,0,clean,6,6,6,True,False,0.0,0.0
train,2927,48486,0,clean,7,7,7,True,False,0.0,0.0
train,2928,7773,1,fgsm,5,5,3,True,True,0.03137257695198059,1.7388430833816528
train,2929,6945,1,fgsm,3,3,4,True,True,0.03137260675430298,1.7202638387680054
train,2930,10223,1,cw,5,5,6,True,True,0.00499996542930603,0.2395826131105423
train,2931,37989,1,cw,1,1,8,True,True,0.00499996542930603,0.22497989237308502
train,2932,37344,1,pgd,6,6,8,True,True,0.03137260675430298,1.4224635362625122
train,2933,2495,1,fgsm,9,9,1,True,True,0.03137260675430298,1.7293050289154053
train,2934,2740,1,cw,8,8,1,True,True,0.0492711067199707,0.5951582193374634
train,2935,2129,1,fgsm,9,9,1,True,True,0.03137260675430298,1.6810909509658813
train,2936,27210,1,cw,3,3,5,True,True,0.00499996542930603,0.24937975406646729
train,2937,33896,1,pgd,9,9,0,True,True,0.03137260675430298,1.3668662309646606
train,2938,8563,1,pgd,1,1,9,True,True,0.03137260675430298,1.4183984994888306
train,2939,18538,1,pgd,0,0,8,True,True,0.03137260675430298,1.4416316747665405
train,2940,32995,1,cw,7,7,5,True,True,0.00499996542930603,0.2188722789287567
train,2941,12472,1,cw,2,2,5,True,True,0.00499996542930603,0.24754612147808075
train,2942,19608,1,pgd,6,6,4,True,True,0.03137257695198059,1.4499980211257935
train,2943,48486,1,cw,7,7,5,True,True,0.030173659324645996,0.3784841001033783
train,2944,17352,0,clean,0,0,0,True,False,0.0,0.0
train,2945,26994,0,clean,1,1,1,True,False,0.0,0.0
train,2946,4177,0,clean,3,3,3,True,False,0.0,0.0
train,2947,8880,0,clean,3,3,3,True,False,0.0,0.0
train,2948,40698,0,clean,9,9,9,True,False,0.0,0.0
train,2949,39155,0,clean,7,7,7,True,False,0.0,0.0
train,2950,28929,0,clean,8,8,8,True,False,0.0,0.0
train,2951,25394,0,clean,5,5,5,True,False,0.0,0.0
train,2952,10906,0,clean,8,8,8,True,False,0.0,0.0
train,2953,16547,0,clean,3,3,3,True,False,0.0,0.0
train,2954,46379,0,clean,6,6,6,True,False,0.0,0.0
train,2955,7139,0,clean,5,5,5,True,False,0.0,0.0
train,2956,24902,0,clean,2,2,2,True,False,0.0,0.0
train,2957,24416,0,clean,7,7,7,True,False,0.0,0.0
train,2958,5032,0,clean,6,6,6,True,False,0.0,0.0
train,2959,10489,0,clean,4,4,4,True,False,0.0,0.0
train,2960,17352,1,pgd,0,0,9,True,True,0.03137260675430298,1.387758731842041
train,2961,26994,1,pgd,1,1,9,True,True,0.03137260675430298,1.362378716468811
train,2962,4177,1,cw,3,3,5,True,True,0.010005384683609009,0.39227378368377686
train,2963,8880,1,fgsm,3,3,6,True,True,0.03137257695198059,1.7361966371536255
train,2964,40698,1,pgd,9,9,1,True,True,0.03137257695198059,1.3819644451141357
train,2965,39155,1,fgsm,7,7,4,True,True,0.03137257695198059,1.7366572618484497
train,2966,28929,1,cw,8,8,0,True,True,0.015020489692687988,0.5192615985870361
train,2967,25394,1,cw,5,5,3,True,True,0.01000550389289856,0.4070800840854645
train,2968,10906,1,pgd,8,8,0,True,True,0.03137260675430298,1.3878121376037598
train,2969,16547,1,cw,3,3,5,True,True,0.00499996542930603,0.23962406814098358
train,2970,46379,1,pgd,6,6,1,True,True,0.03137257695198059,1.4226332902908325
train,2971,7139,1,fgsm,5,5,3,True,True,0.03137257695198059,1.7387192249298096
train,2972,24902,1,cw,2,2,3,True,True,0.00499996542930603,0.2086372822523117
train,2973,24416,1,cw,7,7,4,True,True,0.03632095456123352,0.5589742064476013
train,2974,5032,1,fgsm,6,6,4,True,True,0.03137257695198059,1.7388430833816528
train,2975,10489,1,cw,4,4,3,True,True,0.010006070137023926,0.3516823351383209
train,2976,37736,0,clean,5,5,5,True,False,0.0,0.0
train,2977,18503,0,clean,2,2,2,True,False,0.0,0.0
train,2978,17390,0,clean,8,8,8,True,False,0.0,0.0
train,2979,33904,0,clean,7,7,7,True,False,0.0,0.0
train,2980,14818,0,clean,7,7,7,True,False,0.0,0.0
train,2981,20314,0,clean,7,7,7,True,False,0.0,0.0
train,2982,46499,0,clean,8,8,8,True,False,0.0,0.0
train,2983,45905,0,clean,9,9,9,True,False,0.0,0.0
train,2984,47503,0,clean,4,4,4,True,False,0.0,0.0
train,2985,17208,0,clean,6,6,6,True,False,0.0,0.0
train,2986,38222,0,clean,0,0,0,True,False,0.0,0.0
train,2987,29966,0,clean,1,1,1,True,False,0.0,0.0
train,2988,2766,0,clean,3,3,3,True,False,0.0,0.0
train,2989,11453,0,clean,9,9,9,True,False,0.0,0.0
train,2990,12693,0,clean,2,2,2,True,False,0.0,0.0
train,2991,33823,0,clean,4,4,4,True,False,0.0,0.0
train,2992,37736,1,pgd,5,5,3,True,True,0.03137260675430298,1.3718416690826416
train,2993,18503,1,fgsm,2,2,6,True,True,0.03137260675430298,1.7388430833816528
train,2994,17390,1,fgsm,8,8,8,True,False,0.03137257695198059,1.7388430833816528
train,2995,33904,1,pgd,7,7,2,True,True,0.03137260675430298,1.3840211629867554
train,2996,14818,1,pgd,7,7,4,True,True,0.03137257695198059,1.3499081134796143
train,2997,20314,1,fgsm,7,7,6,True,True,0.03137260675430298,1.7374628782272339
train,2998,46499,1,fgsm,8,8,1,True,True,0.03137260675430298,1.7089896202087402
train,2999,45905,1,fgsm,9,9,1,True,True,0.03137260675430298,1.7371442317962646
train,3000,47503,1,pgd,4,4,6,True,True,0.03137257695198059,1.3489664793014526
train,3001,17208,1,fgsm,6,6,2,True,True,0.03137257695198059,1.728540062904358
train,3002,38222,1,pgd,0,0,4,True,True,0.03137260675430298,1.416834831237793
train,3003,29966,1,pgd,1,1,9,True,True,0.03137260675430298,1.405310034751892
train,3004,2766,1,pgd,3,3,4,True,True,0.03137257695198059,1.3638114929199219
train,3005,11453,1,pgd,9,9,2,True,True,0.03137260675430298,1.3750826120376587
train,3006,12693,1,pgd,2,2,6,True,True,0.03137257695198059,1.3298394680023193
train,3007,33823,1,fgsm,4,4,4,True,False,0.03137260675430298,1.7388430833816528
train,3008,45910,0,clean,1,1,1,True,False,0.0,0.0
train,3009,11168,0,clean,2,2,2,True,False,0.0,0.0
train,3010,29619,0,clean,7,7,7,True,False,0.0,0.0
train,3011,37535,0,clean,9,9,9,True,False,0.0,0.0
train,3012,21711,0,clean,2,3,3,False,False,0.0,0.0
train,3013,38067,0,clean,7,7,7,True,False,0.0,0.0
train,3014,12016,0,clean,3,3,3,True,False,0.0,0.0
train,3015,28396,0,clean,8,8,8,True,False,0.0,0.0
train,3016,38820,0,clean,9,9,9,True,False,0.0,0.0
train,3017,26261,0,clean,3,3,3,True,False,0.0,0.0
train,3018,42009,0,clean,6,6,6,True,False,0.0,0.0
train,3019,8595,0,clean,7,7,7,True,False,0.0,0.0
train,3020,35374,0,clean,8,8,8,True,False,0.0,0.0
train,3021,38312,0,clean,0,0,0,True,False,0.0,0.0
train,3022,48201,0,clean,6,6,6,True,False,0.0,0.0
train,3023,17033,0,clean,4,4,4,True,False,0.0,0.0
train,3024,45910,1,fgsm,1,1,8,True,True,0.03137257695198059,1.7363604307174683
train,3025,11168,1,pgd,2,2,6,True,True,0.03137257695198059,1.4160977602005005
train,3026,29619,1,cw,7,7,5,True,True,0.015014976263046265,0.486890971660614
train,3027,37535,1,fgsm,9,9,9,True,False,0.03137260675430298,1.7379850149154663
train,3028,21711,1,cw,2,3,3,False,False,0.00021755695343017578,0.002788132755085826
train,3029,38067,1,fgsm,7,7,2,True,True,0.03137260675430298,1.5388596057891846
train,3030,12016,1,pgd,3,3,5,True,True,0.03137257695198059,1.3349517583847046
train,3031,28396,1,cw,8,8,9,True,True,0.010004132986068726,0.3750162422657013
train,3032,38820,1,cw,9,9,1,True,True,0.015016555786132812,0.5236065983772278
train,3033,26261,1,pgd,3,3,6,True,True,0.03137257695198059,1.3466342687606812
train,3034,42009,1,pgd,6,6,3,True,True,0.03137257695198059,1.3000823259353638
train,3035,8595,1,cw,7,7,5,True,True,0.00499996542930603,0.23014965653419495
train,3036,35374,1,fgsm,8,8,8,True,False,0.03137260675430298,1.738776683807373
train,3037,38312,1,cw,0,0,7,True,True,0.00499996542930603,0.19069057703018188
train,3038,48201,1,fgsm,6,6,3,True,True,0.03137257695198059,1.7388430833816528
train,3039,17033,1,cw,4,4,3,True,True,0.00499996542930603,0.2500724494457245
train,3040,14389,0,clean,8,8,8,True,False,0.0,0.0
train,3041,35147,0,clean,0,0,0,True,False,0.0,0.0
train,3042,20660,0,clean,2,2,2,True,False,0.0,0.0
train,3043,5654,0,clean,9,9,9,True,False,0.0,0.0
train,3044,6616,0,clean,2,2,2,True,False,0.0,0.0
train,3045,40093,0,clean,8,8,8,True,False,0.0,0.0
train,3046,14356,0,clean,7,7,7,True,False,0.0,0.0
train,3047,45430,0,clean,6,6,6,True,False,0.0,0.0
train,3048,11949,0,clean,5,5,5,True,False,0.0,0.0
train,3049,25448,0,clean,6,6,6,True,False,0.0,0.0
train,3050,21027,0,clean,1,1,1,True,False,0.0,0.0
train,3051,7413,0,clean,8,8,8,True,False,0.0,0.0
train,3052,44693,0,clean,3,3,3,True,False,0.0,0.0
train,3053,41383,0,clean,9,9,9,True,False,0.0,0.0
train,3054,18470,0,clean,5,5,5,True,False,0.0,0.0
train,3055,38557,0,clean,3,3,3,True,False,0.0,0.0
train,3056,14389,1,pgd,8,8,1,True,True,0.03137260675430298,1.3540033102035522
train,3057,35147,1,pgd,0,0,2,True,True,0.03137257695198059,1.3798056840896606
train,3058,20660,1,pgd,2,2,7,True,True,0.03137257695198059,1.3244861364364624
train,3059,5654,1,pgd,9,9,1,True,True,0.03137260675430298,1.3996580839157104
train,3060,6616,1,pgd,2,2,6,True,True,0.03137260675430298,1.4317479133605957
train,3061,40093,1,fgsm,8,8,8,True,False,0.03137257695198059,1.7370113134384155
train,3062,14356,1,pgd,7,7,4,True,True,0.03137260675430298,1.4553381204605103
train,3063,45430,1,fgsm,6,6,2,True,True,0.03137257695198059,1.7239208221435547
train,3064,11949,1,cw,5,5,3,True,True,0.00499996542930603,0.22569800913333893
train,3065,25448,1,cw,6,6,1,True,True,0.015020877122879028,0.4253122806549072
train,3066,21027,1,cw,1,1,9,True,True,0.01502332091331482,0.5726584196090698
train,3067,7413,1,cw,8,8,0,True,True,0.010006070137023926,0.43870583176612854
train,3068,44693,1,fgsm,3,3,5,True,True,0.03137260675430298,1.7354036569595337
train,3069,41383,1,cw,9,9,1,True,True,0.010005980730056763,0.4011160135269165
train,3070,18470,1,fgsm,5,5,3,True,True,0.03137260675430298,1.7385468482971191
train,3071,38557,1,pgd,3,3,2,True,True,0.03137257695198059,1.2687777280807495
train,3072,45296,0,clean,1,1,1,True,False,0.0,0.0
train,3073,39958,0,clean,4,4,4,True,False,0.0,0.0
train,3074,16583,0,clean,3,3,3,True,False,0.0,0.0
train,3075,44701,0,clean,8,8,8,True,False,0.0,0.0
train,3076,10950,0,clean,4,4,4,True,False,0.0,0.0
train,3077,16838,0,clean,0,0,0,True,False,0.0,0.0
train,3078,21907,0,clean,9,9,9,True,False,0.0,0.0
train,3079,3305,0,clean,8,8,8,True,False,0.0,0.0
train,3080,8383,0,clean,0,0,0,True,False,0.0,0.0
train,3081,39345,0,clean,7,7,7,True,False,0.0,0.0
train,3082,29863,0,clean,8,8,8,True,False,0.0,0.0
train,3083,40642,0,clean,4,4,4,True,False,0.0,0.0
train,3084,13980,0,clean,5,5,5,True,False,0.0,0.0
train,3085,14276,0,clean,5,5,5,True,False,0.0,0.0
train,3086,39936,0,clean,1,1,1,True,False,0.0,0.0
train,3087,12416,0,clean,4,4,4,True,False,0.0,0.0
train,3088,45296,1,cw,1,1,9,True,True,0.02835509181022644,0.35333094000816345
train,3089,39958,1,cw,4,4,3,True,True,0.010006040334701538,0.4356234669685364
train,3090,16583,1,fgsm,3,3,5,True,True,0.03137260675430298,1.7384538650512695
train,3091,44701,1,cw,8,8,0,True,True,0.010005682706832886,0.40436410903930664
train,3092,10950,1,fgsm,4,4,3,True,True,0.03137257695198059,1.737666368484497
train,3093,16838,1,fgsm,0,0,1,True,True,0.03137260675430298,1.7388430833816528
train,3094,21907,1,pgd,9,9,8,True,True,0.03137257695198059,1.3308229446411133
train,3095,3305,1,fgsm,8,8,0,True,True,0.03137260675430298,1.7340561151504517
train,3096,8383,1,fgsm,0,0,4,True,True,0.03137260675430298,1.6410582065582275
train,3097,39345,1,fgsm,7,7,3,True,True,0.03137257695198059,1.7364578247070312
train,3098,29863,1,cw,8,8,0,True,True,0.00499996542930603,0.2121799886226654
train,3099,40642,1,fgsm,4,4,3,True,True,0.03137260675430298,1.7388430833816528
train,3100,13980,1,cw,5,5,3,True,True,0.00499996542930603,0.20883888006210327
train,3101,14276,1,pgd,5,5,3,True,True,0.03137257695198059,1.2909491062164307
train,3102,39936,1,cw,1,1,3,True,True,0.00499996542930603,0.20212996006011963
train,3103,12416,1,cw,4,4,2,True,True,0.00499996542930603,0.24771521985530853
train,3104,20094,0,clean,7,7,7,True,False,0.0,0.0
train,3105,4659,0,clean,6,6,6,True,False,0.0,0.0
train,3106,6875,0,clean,4,4,4,True,False,0.0,0.0
train,3107,21167,0,clean,2,2,2,True,False,0.0,0.0
train,3108,15305,0,clean,3,3,3,True,False,0.0,0.0
train,3109,46476,0,clean,4,4,4,True,False,0.0,0.0
train,3110,24194,0,clean,1,1,1,True,False,0.0,0.0
train,3111,13925,0,clean,3,3,3,True,False,0.0,0.0
train,3112,22674,0,clean,0,0,0,True,False,0.0,0.0
train,3113,13066,0,clean,6,6,6,True,False,0.0,0.0
train,3114,3403,0,clean,6,6,6,True,False,0.0,0.0
train,3115,24036,0,clean,3,3,3,True,False,0.0,0.0
train,3116,39706,0,clean,5,5,5,True,False,0.0,0.0
train,3117,42781,0,clean,8,8,8,True,False,0.0,0.0
train,3118,10260,0,clean,6,6,6,True,False,0.0,0.0
train,3119,16379,0,clean,2,2,2,True,False,0.0,0.0
train,3120,20094,1,fgsm,7,7,5,True,True,0.03137260675430298,1.6895725727081299
train,3121,4659,1,cw,6,6,2,True,True,0.00499996542930603,0.2374572604894638
train,3122,6875,1,cw,4,4,7,True,True,0.00499996542930603,0.21436263620853424
train,3123,21167,1,fgsm,2,2,3,True,True,0.03137257695198059,1.7388430833816528
train,3124,15305,1,fgsm,3,3,5,True,True,0.03137260675430298,1.7153041362762451
train,3125,46476,1,fgsm,4,4,2,True,True,0.03137260675430298,1.7364224195480347
train,3126,24194,1,fgsm,1,1,9,True,True,0.03137260675430298,1.7166303396224976
train,3127,13925,1,fgsm,3,3,6,True,True,0.03137257695198059,1.7262341976165771
train,3128,22674,1,cw,0,0,2,True,True,0.015012890100479126,0.5451138019561768
train,3129,13066,1,pgd,6,6,4,True,True,0.03137257695198059,1.4088467359542847
train,3130,3403,1,pgd,6,6,2,True,True,0.03137257695198059,1.3476123809814453
train,3131,24036,1,cw,3,3,4,True,True,0.00499996542930603,0.26483818888664246
train,3132,39706,1,pgd,5,5,3,True,True,0.03137260675430298,1.4038755893707275
train,3133,42781,1,pgd,8,8,9,True,True,0.03137260675430298,1.3893295526504517
train,3134,10260,1,cw,6,6,4,True,True,0.010005980730056763,0.40338805317878723
train,3135,16379,1,cw,2,2,5,True,True,0.02092835307121277,0.20434312522411346
train,3136,8874,0,clean,2,2,2,True,False,0.0,0.0
train,3137,43034,0,clean,3,3,3,True,False,0.0,0.0
train,3138,4069,0,clean,9,9,9,True,False,0.0,0.0
train,3139,4309,0,clean,6,6,6,True,False,0.0,0.0
train,3140,33957,0,clean,5,5,5,True,False,0.0,0.0
train,3141,33001,0,clean,5,5,5,True,False,0.0,0.0
train,3142,196,0,clean,2,2,2,True,False,0.0,0.0
train,3143,9003,0,clean,9,9,9,True,False,0.0,0.0
train,3144,31150,0,clean,3,3,3,True,False,0.0,0.0
train,3145,23284,0,clean,9,9,9,True,False,0.0,0.0
train,3146,39251,0,clean,7,7,7,True,False,0.0,0.0
train,3147,20987,0,clean,4,4,4,True,False,0.0,0.0
train,3148,31983,0,clean,9,9,9,True,False,0.0,0.0
train,3149,7047,0,clean,2,2,2,True,False,0.0,0.0
train,3150,6710,0,clean,4,4,4,True,False,0.0,0.0
train,3151,35298,0,clean,3,3,3,True,False,0.0,0.0
train,3152,8874,1,cw,2,2,0,True,True,0.02506604790687561,0.6735256910324097
train,3153,43034,1,pgd,3,3,5,True,True,0.03137257695198059,1.3394865989685059
train,3154,4069,1,fgsm,9,9,2,True,True,0.03137260675430298,1.6992205381393433
train,3155,4309,1,cw,6,6,3,True,True,0.010006427764892578,0.409630686044693
train,3156,33957,1,cw,5,5,3,True,True,0.010006338357925415,0.38521745800971985
train,3157,33001,1,pgd,5,5,3,True,True,0.03137260675430298,1.4341472387313843
train,3158,196,1,pgd,2,2,6,True,True,0.03137257695198059,1.2835674285888672
train,3159,9003,1,fgsm,9,9,1,True,True,0.03137260675430298,1.7094125747680664
train,3160,31150,1,cw,3,3,5,True,True,0.010001689195632935,0.34484678506851196
train,3161,23284,1,cw,9,9,1,True,True,0.020048171281814575,0.6283444762229919
train,3162,39251,1,fgsm,7,7,5,True,True,0.03137260675430298,1.7369451522827148
train,3163,20987,1,fgsm,4,4,5,True,True,0.03137260675430298,1.7369979619979858
train,3164,31983,1,pgd,9,9,1,True,True,0.03137257695198059,1.3337615728378296
train,3165,7047,1,pgd,2,2,3,True,True,0.03137260675430298,1.3330159187316895
train,3166,6710,1,fgsm,4,4,2,True,True,0.03137257695198059,1.7388430833816528
train,3167,35298,1,cw,3,3,5,True,True,0.010005146265029907,0.336801677942276
train,3168,12109,0,clean,2,2,2,True,False,0.0,0.0
train,3169,32591,0,clean,9,9,9,True,False,0.0,0.0
train,3170,8530,0,clean,2,2,2,True,False,0.0,0.0
train,3171,23867,0,clean,7,7,7,True,False,0.0,0.0
train,3172,34554,0,clean,1,1,1,True,False,0.0,0.0
train,3173,18566,0,clean,4,4,4,True,False,0.0,0.0
train,3174,21515,0,clean,8,8,8,True,False,0.0,0.0
train,3175,8776,0,clean,2,2,2,True,False,0.0,0.0
train,3176,29131,0,clean,4,4,4,True,False,0.0,0.0
train,3177,46960,0,clean,6,6,6,True,False,0.0,0.0
train,3178,8051,0,clean,5,5,5,True,False,0.0,0.0
train,3179,29434,0,clean,6,6,6,True,False,0.0,0.0
train,3180,49223,0,clean,3,3,3,True,False,0.0,0.0
train,3181,48531,0,clean,2,2,2,True,False,0.0,0.0
train,3182,15377,0,clean,4,4,4,True,False,0.0,0.0
train,3183,48073,0,clean,2,2,2,True,False,0.0,0.0
train,3184,12109,1,fgsm,2,2,5,True,True,0.03137257695198059,1.7388430833816528
train,3185,32591,1,pgd,9,9,1,True,True,0.03137260675430298,1.4333285093307495
train,3186,8530,1,fgsm,2,2,6,True,True,0.03137257695198059,1.7388430833816528
train,3187,23867,1,cw,7,7,5,True,True,0.00499996542930603,0.2310536801815033
train,3188,34554,1,fgsm,1,1,3,True,True,0.03137260675430298,1.7366838455200195
train,3189,18566,1,pgd,4,4,9,True,True,0.03137260675430298,1.3334523439407349
train,3190,21515,1,cw,8,8,9,True,True,0.010001182556152344,0.4035147428512573
train,3191,8776,1,pgd,2,2,3,True,True,0.03137257695198059,1.3369377851486206
train,3192,29131,1,cw,4,4,5,True,True,0.015020161867141724,0.3538402020931244
train,3193,46960,1,pgd,6,6,4,True,True,0.03137257695198059,1.2719722986221313
train,3194,8051,1,fgsm,5,5,3,True,True,0.03137260675430298,1.7129085063934326
train,3195,29434,1,fgsm,6,6,2,True,True,0.03137260675430298,1.7352397441864014
train,3196,49223,1,pgd,3,3,5,True,True,0.03137260675430298,1.2574933767318726
train,3197,48531,1,fgsm,2,2,5,True,True,0.03137257695198059,1.6991075277328491
train,3198,15377,1,fgsm,4,4,5,True,True,0.03137257695198059,1.6826088428497314
train,3199,48073,1,fgsm,2,2,5,True,True,0.03137257695198059,1.7311936616897583
train,3200,32791,0,clean,2,2,2,True,False,0.0,0.0
train,3201,43497,0,clean,3,3,3,True,False,0.0,0.0
train,3202,36459,0,clean,9,9,9,True,False,0.0,0.0
train,3203,44948,0,clean,2,2,2,True,False,0.0,0.0
train,3204,24651,0,clean,5,5,5,True,False,0.0,0.0
train,3205,23433,0,clean,9,9,9,True,False,0.0,0.0
train,3206,47981,0,clean,0,0,0,True,False,0.0,0.0
train,3207,45771,0,clean,8,8,8,True,False,0.0,0.0
train,3208,8933,0,clean,9,9,9,True,False,0.0,0.0
train,3209,34009,0,clean,0,0,0,True,False,0.0,0.0
train,3210,41582,0,clean,4,4,4,True,False,0.0,0.0
train,3211,43876,0,clean,7,7,7,True,False,0.0,0.0
train,3212,18583,0,clean,1,1,1,True,False,0.0,0.0
train,3213,40512,0,clean,8,8,8,True,False,0.0,0.0
train,3214,39497,0,clean,5,5,5,True,False,0.0,0.0
train,3215,22419,0,clean,1,1,1,True,False,0.0,0.0
train,3216,32791,1,fgsm,2,2,5,True,True,0.03137260675430298,1.6483932733535767
train,3217,43497,1,cw,3,3,5,True,True,0.010006129741668701,0.4371106028556824
train,3218,36459,1,pgd,9,9,1,True,True,0.03137257695198059,1.4485007524490356
train,3219,44948,1,pgd,2,2,5,True,True,0.03137257695198059,1.3191208839416504
train,3220,24651,1,pgd,5,5,3,True,True,0.03137260675430298,1.418879747390747
train,3221,23433,1,fgsm,9,9,1,True,True,0.03137260675430298,1.694693922996521
train,3222,47981,1,cw,0,0,8,True,True,0.00499996542930603,0.24195311963558197
train,3223,45771,1,cw,8,8,4,True,True,0.00499996542930603,0.2463899701833725
train,3224,8933,1,cw,9,9,1,True,True,0.015004873275756836,0.46247780323028564
train,3225,34009,1,pgd,0,0,2,True,True,0.03137260675430298,1.3558140993118286
train,3226,41582,1,pgd,4,4,2,True,True,0.03137257695198059,1.3448879718780518
train,3227,43876,1,pgd,7,7,5,True,True,0.03137257695198059,1.4181866645812988
train,3228,18583,1,cw,1,1,9,True,True,0.00499996542930603,0.20426838099956512
train,3229,40512,1,cw,8,8,9,True,True,0.014930129051208496,0.46363329887390137
train,3230,39497,1,fgsm,5,5,3,True,True,0.03137260675430298,1.7388430833816528
train,3231,22419,1,cw,1,1,9,True,True,0.01000550389289856,0.4176710546016693
train,3232,14310,0,clean,4,4,4,True,False,0.0,0.0
train,3233,46822,0,clean,0,0,0,True,False,0.0,0.0
train,3234,19463,0,clean,2,2,2,True,False,0.0,0.0
train,3235,15393,0,clean,5,5,5,True,False,0.0,0.0
train,3236,47356,0,clean,7,7,7,True,False,0.0,0.0
train,3237,25772,0,clean,3,3,3,True,False,0.0,0.0
train,3238,895,0,clean,3,3,3,True,False,0.0,0.0
train,3239,39749,0,clean,1,1,1,True,False,0.0,0.0
train,3240,46565,0,clean,5,5,5,True,False,0.0,0.0
train,3241,25667,0,clean,3,3,3,True,False,0.0,0.0
train,3242,25918,0,clean,5,5,5,True,False,0.0,0.0
train,3243,39809,0,clean,2,2,2,True,False,0.0,0.0
train,3244,21538,0,clean,1,1,1,True,False,0.0,0.0
train,3245,41299,0,clean,2,2,2,True,False,0.0,0.0
train,3246,36602,0,clean,6,6,6,True,False,0.0,0.0
train,3247,39906,0,clean,1,1,1,True,False,0.0,0.0
train,3248,14310,1,fgsm,4,4,7,True,True,0.03137257695198059,1.7353681325912476
train,3249,46822,1,cw,0,0,8,True,True,0.010006040334701538,0.3839377760887146
train,3250,19463,1,cw,2,2,8,True,True,0.019973963499069214,0.5669103860855103
train,3251,15393,1,pgd,5,5,2,True,True,0.03137257695198059,1.4277961254119873
train,3252,47356,1,cw,7,7,5,True,True,0.00499996542930603,0.20518448948860168
train,3253,25772,1,fgsm,3,3,6,True,True,0.03137257695198059,1.7067070007324219
train,3254,895,1,pgd,3,3,6,True,True,0.03137257695198059,1.269014596939087
train,3255,39749,1,fgsm,1,1,8,True,True,0.03137257695198059,1.7376841306686401
train,3256,46565,1,cw,5,5,2,True,True,0.00499996542930603,0.22012104094028473
train,3257,25667,1,pgd,3,3,2,True,True,0.03137257695198059,1.3854665756225586
train,3258,25918,1,fgsm,5,5,3,True,True,0.03137260675430298,1.7260292768478394
train,3259,39809,1,cw,2,2,4,True,True,0.00499996542930603,0.23040245473384857
train,3260,21538,1,fgsm,1,1,9,True,True,0.03137257695198059,1.7388430833816528
train,3261,41299,1,fgsm,2,2,4,True,True,0.03137260675430298,1.7355719804763794
train,3262,36602,1,fgsm,6,6,7,True,True,0.03137257695198059,1.7388430833816528
train,3263,39906,1,pgd,1,1,9,True,True,0.03137260675430298,1.4022947549819946
train,3264,45175,0,clean,3,3,3,True,False,0.0,0.0
train,3265,37515,0,clean,2,2,2,True,False,0.0,0.0
train,3266,49460,0,clean,9,9,9,True,False,0.0,0.0
train,3267,28922,0,clean,8,8,8,True,False,0.0,0.0
train,3268,6936,0,clean,3,3,3,True,False,0.0,0.0
train,3269,25439,0,clean,0,0,0,True,False,0.0,0.0
train,3270,22814,0,clean,5,5,5,True,False,0.0,0.0
train,3271,33399,0,clean,1,1,1,True,False,0.0,0.0
train,3272,17859,0,clean,2,2,2,True,False,0.0,0.0
train,3273,47679,0,clean,8,8,8,True,False,0.0,0.0
train,3274,20892,0,clean,3,3,3,True,False,0.0,0.0
train,3275,15195,0,clean,1,1,1,True,False,0.0,0.0
train,3276,16608,0,clean,8,8,8,True,False,0.0,0.0
train,3277,21056,0,clean,1,1,1,True,False,0.0,0.0
train,3278,35616,0,clean,2,2,2,True,False,0.0,0.0
train,3279,24528,0,clean,1,1,1,True,False,0.0,0.0
train,3280,45175,1,cw,3,3,2,True,True,0.00499996542930603,0.20264405012130737
train,3281,37515,1,pgd,2,2,4,True,True,0.03137260675430298,1.4046276807785034
train,3282,49460,1,cw,9,9,1,True,True,0.010006308555603027,0.39335426688194275
train,3283,28922,1,fgsm,8,8,8,True,False,0.03137260675430298,1.7384538650512695
train,3284,6936,1,cw,3,3,5,True,True,0.00499996542930603,0.18218252062797546
train,3285,25439,1,pgd,0,0,8,True,True,0.03137260675430298,1.307985782623291
train,3286,22814,1,pgd,5,5,3,True,True,0.03137260675430298,1.3504507541656494
train,3287,33399,1,fgsm,1,1,9,True,True,0.03137257695198059,1.7331469058990479
train,3288,17859,1,cw,2,2,5,True,True,0.015015274286270142,0.41091179847717285
train,3289,47679,1,pgd,8,8,0,True,True,0.03137257695198059,1.3474125862121582
train,3290,20892,1,pgd,3,3,7,True,True,0.03137260675430298,1.4039736986160278
train,3291,15195,1,fgsm,1,1,9,True,True,0.03137257695198059,1.7388430833816528
train,3292,16608,1,cw,8,8,0,True,True,0.015017718076705933,0.5356613397598267
train,3293,21056,1,pgd,1,1,9,True,True,0.03137257695198059,1.37598717212677
train,3294,35616,1,fgsm,2,2,4,True,True,0.03137260675430298,1.7388430833816528
train,3295,24528,1,cw,1,1,9,True,True,0.015020161867141724,0.5523562431335449
train,3296,15464,0,clean,2,2,2,True,False,0.0,0.0
train,3297,20363,0,clean,4,4,4,True,False,0.0,0.0
train,3298,24570,0,clean,9,9,9,True,False,0.0,0.0
train,3299,47844,0,clean,7,7,7,True,False,0.0,0.0
train,3300,23441,0,clean,2,2,2,True,False,0.0,0.0
train,3301,4706,0,clean,7,7,7,True,False,0.0,0.0
train,3302,33899,0,clean,2,2,2,True,False,0.0,0.0
train,3303,27388,0,clean,4,4,4,True,False,0.0,0.0
train,3304,46489,0,clean,5,5,5,True,False,0.0,0.0
train,3305,42561,0,clean,9,9,9,True,False,0.0,0.0
train,3306,26388,0,clean,5,5,5,True,False,0.0,0.0
train,3307,22287,0,clean,2,2,2,True,False,0.0,0.0
train,3308,47338,0,clean,9,9,9,True,False,0.0,0.0
train,3309,23845,0,clean,8,8,8,True,False,0.0,0.0
train,3310,26969,0,clean,5,3,3,False,False,0.0,0.0
train,3311,1562,0,clean,7,7,7,True,False,0.0,0.0
train,3312,15464,1,fgsm,2,2,6,True,True,0.03137257695198059,1.7380380630493164
train,3313,20363,1,pgd,4,4,3,True,True,0.03137257695198059,1.3091479539871216
train,3314,24570,1,pgd,9,9,0,True,True,0.03137257695198059,1.338761568069458
train,3315,47844,1,cw,7,7,5,True,True,0.01000639796257019,0.37459316849708557
train,3316,23441,1,pgd,2,2,4,True,True,0.03137257695198059,1.2855509519577026
train,3317,4706,1,pgd,7,7,2,True,True,0.03137260675430298,1.3579860925674438
train,3318,33899,1,cw,2,2,3,True,True,0.00499996542930603,0.2379554659128189
train,3319,27388,1,pgd,4,4,2,True,True,0.03137257695198059,1.2843835353851318
train,3320,46489,1,cw,5,5,3,True,True,0.00499996542930603,0.2531566619873047
train,3321,42561,1,fgsm,9,9,1,True,True,0.03137260675430298,1.7370777130126953
train,3322,26388,1,fgsm,5,5,3,True,True,0.03137260675430298,1.7380778789520264
train,3323,22287,1,fgsm,2,2,8,True,True,0.03137257695198059,1.7388430833816528
train,3324,47338,1,pgd,9,9,8,True,True,0.03137257695198059,1.2455949783325195
train,3325,23845,1,pgd,8,8,3,True,True,0.03137260675430298,1.3418266773223877
train,3326,26969,1,pgd,5,3,3,False,False,0.03137257695198059,1.2917864322662354
train,3327,1562,1,pgd,7,7,9,True,True,0.03137260675430298,1.414178490638733
train,3328,4594,0,clean,8,8,8,True,False,0.0,0.0
train,3329,49374,0,clean,8,8,8,True,False,0.0,0.0
train,3330,39227,0,clean,6,6,6,True,False,0.0,0.0
train,3331,27470,0,clean,2,2,2,True,False,0.0,0.0
train,3332,44002,0,clean,4,4,4,True,False,0.0,0.0
train,3333,23612,0,clean,7,5,5,False,False,0.0,0.0
train,3334,43539,0,clean,9,9,9,True,False,0.0,0.0
train,3335,41257,0,clean,1,1,1,True,False,0.0,0.0
train,3336,23527,0,clean,6,6,6,True,False,0.0,0.0
train,3337,29058,0,clean,2,2,2,True,False,0.0,0.0
train,3338,36128,0,clean,1,1,1,True,False,0.0,0.0
train,3339,1603,0,clean,3,3,3,True,False,0.0,0.0
train,3340,42950,0,clean,5,5,5,True,False,0.0,0.0
train,3341,4439,0,clean,3,3,3,True,False,0.0,0.0
train,3342,4697,0,clean,3,3,3,True,False,0.0,0.0
train,3343,8317,0,clean,9,9,9,True,False,0.0,0.0
train,3344,4594,1,cw,8,8,9,True,True,0.01000523567199707,0.35765552520751953
train,3345,49374,1,pgd,8,8,0,True,True,0.03137260675430298,1.3253649473190308
train,3346,39227,1,cw,6,6,4,True,True,0.00499996542930603,0.23836159706115723
train,3347,27470,1,pgd,2,2,4,True,True,0.03137257695198059,1.3720474243164062
train,3348,44002,1,cw,4,4,0,True,True,0.010005146265029907,0.4152977168560028
train,3349,23612,1,cw,7,5,5,False,False,0.00021755695343017578,0.0018970950040966272
train,3350,43539,1,fgsm,9,9,2,True,True,0.03137260675430298,1.6495405435562134
train,3351,41257,1,fgsm,1,1,8,True,True,0.03137260675430298,1.7388430833816528
train,3352,23527,1,cw,6,6,2,True,True,0.00499996542930603,0.17820142209529877
train,3353,29058,1,cw,2,2,3,True,True,0.00499996542930603,0.1947149932384491
train,3354,36128,1,fgsm,1,1,8,True,True,0.03137257695198059,1.707220435142517
train,3355,1603,1,cw,3,3,5,True,True,0.01928943395614624,0.19000503420829773
train,3356,42950,1,fgsm,5,5,6,True,True,0.03137260675430298,1.7279481887817383
train,3357,4439,1,fgsm,3,3,6,True,True,0.03137260675430298,1.7388430833816528
train,3358,4697,1,cw,3,3,5,True,True,0.00499996542930603,0.14487163722515106
train,3359,8317,1,pgd,9,9,1,True,True,0.03137257695198059,1.3961745500564575
train,3360,45803,0,clean,2,2,2,True,False,0.0,0.0
train,3361,36314,0,clean,0,0,0,True,False,0.0,0.0
train,3362,29040,0,clean,5,5,5,True,False,0.0,0.0
train,3363,27113,0,clean,7,7,7,True,False,0.0,0.0
train,3364,11298,0,clean,5,5,5,True,False,0.0,0.0
train,3365,42917,0,clean,8,8,8,True,False,0.0,0.0
train,3366,12369,0,clean,6,6,6,True,False,0.0,0.0
train,3367,29044,0,clean,1,1,1,True,False,0.0,0.0
train,3368,11848,0,clean,7,7,7,True,False,0.0,0.0
train,3369,41533,0,clean,6,6,6,True,False,0.0,0.0
train,3370,43825,0,clean,1,1,1,True,False,0.0,0.0
train,3371,24945,0,clean,8,8,8,True,False,0.0,0.0
train,3372,14631,0,clean,6,6,6,True,False,0.0,0.0
train,3373,48031,0,clean,9,9,9,True,False,0.0,0.0
train,3374,38328,0,clean,9,9,9,True,False,0.0,0.0
train,3375,13381,0,clean,9,9,9,True,False,0.0,0.0
train,3376,45803,1,cw,2,2,3,True,True,0.00499996542930603,0.1732189953327179
train,3377,36314,1,fgsm,0,0,2,True,True,0.03137260675430298,1.7387192249298096
train,3378,29040,1,cw,5,5,3,True,True,0.025757044553756714,0.23214904963970184
train,3379,27113,1,pgd,7,7,4,True,True,0.03137257695198059,1.3481712341308594
train,3380,11298,1,cw,5,5,4,True,True,0.00499996542930603,0.21871203184127808
train,3381,42917,1,pgd,8,8,0,True,True,0.03137260675430298,1.3066200017929077
train,3382,12369,1,cw,6,6,4,True,True,0.010005801916122437,0.4458513557910919
train,3383,29044,1,cw,1,1,9,True,True,0.024994611740112305,0.8578690886497498
train,3384,11848,1,fgsm,7,7,5,True,True,0.03137260675430298,1.7278192043304443
train,3385,41533,1,fgsm,6,6,2,True,True,0.03137257695198059,1.7386529445648193
train,3386,43825,1,pgd,1,1,9,True,True,0.03137260675430298,1.402132272720337
train,3387,24945,1,fgsm,8,8,3,True,True,0.03137260675430298,1.730002999305725
train,3388,14631,1,pgd,6,6,3,True,True,0.03137257695198059,1.4096673727035522
train,3389,48031,1,fgsm,9,9,1,True,True,0.03137260675430298,1.6891356706619263
train,3390,38328,1,fgsm,9,9,1,True,True,0.03137260675430298,1.7388430833816528
train,3391,13381,1,cw,9,9,8,True,True,0.010005980730056763,0.41544777154922485
train,3392,42640,0,clean,4,4,4,True,False,0.0,0.0
train,3393,12710,0,clean,2,2,2,True,False,0.0,0.0
train,3394,4684,0,clean,9,9,9,True,False,0.0,0.0
train,3395,43431,0,clean,6,6,6,True,False,0.0,0.0
train,3396,31776,0,clean,1,1,1,True,False,0.0,0.0
train,3397,18049,0,clean,2,2,2,True,False,0.0,0.0
train,3398,15486,0,clean,1,1,1,True,False,0.0,0.0
train,3399,30064,0,clean,9,9,9,True,False,0.0,0.0
train,3400,46226,0,clean,3,3,3,True,False,0.0,0.0
train,3401,9158,0,clean,6,6,6,True,False,0.0,0.0
train,3402,18618,0,clean,6,6,6,True,False,0.0,0.0
train,3403,47368,0,clean,2,2,2,True,False,0.0,0.0
train,3404,30523,0,clean,5,7,7,False,False,0.0,0.0
train,3405,11718,0,clean,3,3,3,True,False,0.0,0.0
train,3406,49132,0,clean,7,7,7,True,False,0.0,0.0
train,3407,12508,0,clean,6,6,6,True,False,0.0,0.0
train,3408,42640,1,fgsm,4,4,2,True,True,0.03137257695198059,1.7388430833816528
train,3409,12710,1,cw,2,2,4,True,True,0.00499996542930603,0.2497486025094986
train,3410,4684,1,pgd,9,9,8,True,True,0.03137257695198059,1.3493536710739136
train,3411,43431,1,cw,6,6,3,True,True,0.010006189346313477,0.3375532031059265
train,3412,31776,1,pgd,1,1,6,True,True,0.03137260675430298,1.3551251888275146
train,3413,18049,1,pgd,2,2,3,True,True,0.03137260675430298,1.2885246276855469
train,3414,15486,1,pgd,1,1,9,True,True,0.03137257695198059,1.3897093534469604
train,3415,30064,1,cw,9,9,1,True,True,0.00499996542930603,0.21634437143802643
train,3416,46226,1,pgd,3,3,4,True,True,0.03137260675430298,1.3634936809539795
train,3417,9158,1,pgd,6,6,2,True,True,0.03137260675430298,1.3577412366867065
train,3418,18618,1,pgd,6,6,4,True,True,0.03137257695198059,1.4131625890731812
train,3419,47368,1,fgsm,2,2,2,True,False,0.03137257695198059,1.7388430833816528
train,3420,30523,1,pgd,5,7,7,False,False,0.03137257695198059,1.2638663053512573
train,3421,11718,1,fgsm,3,3,5,True,True,0.03137260675430298,1.7387768030166626
train,3422,49132,1,pgd,7,7,5,True,True,0.03137260675430298,1.3920950889587402
train,3423,12508,1,fgsm,6,6,2,True,True,0.03137257695198059,1.7387768030166626
train,3424,45340,0,clean,4,4,4,True,False,0.0,0.0
train,3425,23978,0,clean,0,0,0,True,False,0.0,0.0
train,3426,32953,0,clean,6,6,6,True,False,0.0,0.0
train,3427,36806,0,clean,7,7,7,True,False,0.0,0.0
train,3428,42887,0,clean,7,7,7,True,False,0.0,0.0
train,3429,19303,0,clean,6,6,6,True,False,0.0,0.0
train,3430,9893,0,clean,9,9,9,True,False,0.0,0.0
train,3431,27858,0,clean,8,8,8,True,False,0.0,0.0
train,3432,30261,0,clean,8,8,8,True,False,0.0,0.0
train,3433,35718,0,clean,2,2,2,True,False,0.0,0.0
train,3434,3812,0,clean,8,8,8,True,False,0.0,0.0
train,3435,12534,0,clean,0,0,0,True,False,0.0,0.0
train,3436,20537,0,clean,0,0,0,True,False,0.0,0.0
train,3437,44331,0,clean,8,8,8,True,False,0.0,0.0
train,3438,46685,0,clean,9,9,9,True,False,0.0,0.0
train,3439,29516,0,clean,6,6,6,True,False,0.0,0.0
train,3440,45340,1,pgd,4,4,6,True,True,0.03137257695198059,1.3933838605880737
train,3441,23978,1,pgd,0,0,9,True,True,0.03137260675430298,1.362533450126648
train,3442,32953,1,cw,6,6,4,True,True,0.00499996542930603,0.2481968253850937
train,3443,36806,1,fgsm,7,7,5,True,True,0.03137257695198059,1.7248125076293945
train,3444,42887,1,pgd,7,7,4,True,True,0.03137257695198059,1.4118478298187256
train,3445,19303,1,pgd,6,6,3,True,True,0.03137257695198059,1.391933560371399
train,3446,9893,1,fgsm,9,9,1,True,True,0.03137257695198059,1.73806893825531
train,3447,27858,1,fgsm,8,8,9,True,True,0.03137260675430298,1.7076032161712646
train,3448,30261,1,cw,8,8,9,True,True,0.015018969774246216,0.47402632236480713
train,3449,35718,1,pgd,2,2,8,True,True,0.03137257695198059,1.2948120832443237
train,3450,3812,1,pgd,8,8,2,True,True,0.03137260675430298,1.3003568649291992
train,3451,12534,1,cw,0,0,2,True,True,0.06470373272895813,0.7650503516197205
train,3452,20537,1,fgsm,0,0,0,True,False,0.03137260675430298,1.7388430833816528
train,3453,44331,1,fgsm,8,8,0,True,True,0.03137260675430298,1.735572099685669
train,3454,46685,1,cw,9,9,1,True,True,0.042995959520339966,0.5069718956947327
train,3455,29516,1,cw,6,6,2,True,True,0.00499996542930603,0.19397518038749695
train,3456,31265,0,clean,7,7,7,True,False,0.0,0.0
train,3457,11644,0,clean,6,6,6,True,False,0.0,0.0
train,3458,33981,0,clean,7,7,7,True,False,0.0,0.0
train,3459,14772,0,clean,6,6,6,True,False,0.0,0.0
train,3460,656,0,clean,8,8,8,True,False,0.0,0.0
train,3461,33295,0,clean,5,5,5,True,False,0.0,0.0
train,3462,47086,0,clean,9,9,9,True,False,0.0,0.0
train,3463,2244,0,clean,7,7,7,True,False,0.0,0.0
train,3464,24924,0,clean,9,9,9,True,False,0.0,0.0
train,3465,7110,0,clean,4,4,4,True,False,0.0,0.0
train,3466,21074,0,clean,0,0,0,True,False,0.0,0.0
train,3467,41739,0,clean,1,1,1,True,False,0.0,0.0
train,3468,11087,0,clean,2,2,2,True,False,0.0,0.0
train,3469,20696,0,clean,2,2,2,True,False,0.0,0.0
train,3470,16471,0,clean,1,1,1,True,False,0.0,0.0
train,3471,4640,0,clean,4,4,4,True,False,0.0,0.0
train,3472,31265,1,pgd,7,7,4,True,True,0.03137260675430298,1.3645775318145752
train,3473,11644,1,fgsm,6,6,4,True,True,0.03137257695198059,1.7370778322219849
train,3474,33981,1,pgd,7,7,5,True,True,0.03137260675430298,1.4389770030975342
train,3475,14772,1,pgd,6,6,2,True,True,0.03137257695198059,1.2956876754760742
train,3476,656,1,pgd,8,8,6,True,True,0.03137257695198059,1.3376617431640625
train,3477,33295,1,pgd,5,5,2,True,True,0.03137260675430298,1.3982243537902832
train,3478,47086,1,pgd,9,9,0,True,True,0.03137260675430298,1.3414299488067627
train,3479,2244,1,cw,7,7,4,True,True,0.010002315044403076,0.3488653302192688
train,3480,24924,1,pgd,9,9,1,True,True,0.03137260675430298,1.4349253177642822
train,3481,7110,1,pgd,4,4,5,True,True,0.03137260675430298,1.2847068309783936
train,3482,21074,1,fgsm,0,0,5,True,True,0.03137260675430298,1.7384008169174194
train,3483,41739,1,cw,1,1,9,True,True,0.015013426542282104,0.5868109464645386
train,3484,11087,1,fgsm,2,2,3,True,True,0.03137257695198059,1.7376796007156372
train,3485,20696,1,pgd,2,2,4,True,True,0.03137257695198059,1.295396089553833
train,3486,16471,1,cw,1,1,9,True,True,0.043966591358184814,0.6330241560935974
train,3487,4640,1,fgsm,4,4,5,True,True,0.03137260675430298,1.684033989906311
train,3488,21309,0,clean,1,1,1,True,False,0.0,0.0
train,3489,23686,0,clean,6,6,6,True,False,0.0,0.0
train,3490,21125,0,clean,6,6,6,True,False,0.0,0.0
train,3491,11505,0,clean,8,8,8,True,False,0.0,0.0
train,3492,34038,0,clean,4,4,4,True,False,0.0,0.0
train,3493,32880,0,clean,6,6,6,True,False,0.0,0.0
train,3494,45299,0,clean,4,4,4,True,False,0.0,0.0
train,3495,914,0,clean,6,6,6,True,False,0.0,0.0
train,3496,41017,0,clean,1,1,1,True,False,0.0,0.0
train,3497,8123,0,clean,8,8,8,True,False,0.0,0.0
train,3498,44682,0,clean,9,9,9,True,False,0.0,0.0
train,3499,23426,0,clean,9,9,9,True,False,0.0,0.0
train,3500,13612,0,clean,3,3,3,True,False,0.0,0.0
train,3501,32603,0,clean,1,1,1,True,False,0.0,0.0
train,3502,6544,0,clean,1,1,1,True,False,0.0,0.0
train,3503,5269,0,clean,7,7,7,True,False,0.0,0.0
train,3504,21309,1,cw,1,1,9,True,True,0.00499996542930603,0.20390523970127106
train,3505,23686,1,pgd,6,6,3,True,True,0.03137257695198059,1.4246102571487427
train,3506,21125,1,fgsm,6,6,3,True,True,0.03137257695198059,1.705994963645935
train,3507,11505,1,fgsm,8,8,6,True,True,0.03137260675430298,1.7388430833816528
train,3508,34038,1,cw,4,4,5,True,True,0.040345460176467896,0.7162517309188843
train,3509,32880,1,pgd,6,6,3,True,True,0.03137257695198059,1.3564982414245605
train,3510,45299,1,pgd,4,4,2,True,True,0.03137257695198059,1.368875503540039
train,3511,914,1,fgsm,6,6,3,True,True,0.03137257695198059,1.7388430833816528
train,3512,41017,1,pgd,1,1,8,True,True,0.03137260675430298,1.3687587976455688
train,3513,8123,1,cw,8,8,0,True,True,0.00499996542930603,0.2333732396364212
train,3514,44682,1,fgsm,9,9,8,True,True,0.03137260675430298,1.735629677772522
train,3515,23426,1,fgsm,9,9,9,True,False,0.03137260675430298,1.727231740951538
train,3516,13612,1,pgd,3,3,5,True,True,0.03137257695198059,1.343625783920288
train,3517,32603,1,cw,1,1,9,True,True,0.010006129741668701,0.4247042238712311
train,3518,6544,1,fgsm,1,1,9,True,True,0.03137260675430298,1.7095295190811157
train,3519,5269,1,pgd,7,7,3,True,True,0.03137260675430298,1.3570579290390015
train,3520,18951,0,clean,0,0,0,True,False,0.0,0.0
train,3521,48171,0,clean,9,9,9,True,False,0.0,0.0
train,3522,17258,0,clean,9,9,9,True,False,0.0,0.0
train,3523,42468,0,clean,2,2,2,True,False,0.0,0.0
train,3524,3708,0,clean,2,2,2,True,False,0.0,0.0
train,3525,34436,0,clean,5,5,5,True,False,0.0,0.0
train,3526,15551,0,clean,7,7,7,True,False,0.0,0.0
train,3527,41741,0,clean,0,0,0,True,False,0.0,0.0
train,3528,49830,0,clean,8,8,8,True,False,0.0,0.0
train,3529,45505,0,clean,7,7,7,True,False,0.0,0.0
train,3530,36458,0,clean,9,9,9,True,False,0.0,0.0
train,3531,29418,0,clean,9,9,9,True,False,0.0,0.0
train,3532,31300,0,clean,1,1,1,True,False,0.0,0.0
train,3533,8132,0,clean,0,0,0,True,False,0.0,0.0
train,3534,19108,0,clean,2,2,2,True,False,0.0,0.0
train,3535,18354,0,clean,1,1,1,True,False,0.0,0.0
train,3536,18951,1,cw,0,0,9,True,True,0.010005593299865723,0.4100725054740906
train,3537,48171,1,pgd,9,9,1,True,True,0.03137260675430298,1.394053339958191
train,3538,17258,1,cw,9,9,1,True,True,0.010006129741668701,0.3622605800628662
train,3539,42468,1,cw,2,2,3,True,True,0.010004967451095581,0.3067127466201782
train,3540,3708,1,fgsm,2,2,3,True,True,0.03137260675430298,1.735802412033081
train,3541,34436,1,cw,5,5,3,True,True,0.00499996542930603,0.2326170653104782
train,3542,15551,1,fgsm,7,7,5,True,True,0.03137260675430298,1.737170696258545
train,3543,41741,1,pgd,0,0,2,True,True,0.03137260675430298,1.3908768892288208
train,3544,49830,1,fgsm,8,8,0,True,True,0.03137260675430298,1.7388430833816528
train,3545,45505,1,pgd,7,7,4,True,True,0.03137257695198059,1.3424315452575684
train,3546,36458,1,cw,9,9,1,True,True,0.04356026649475098,0.5780250430107117
train,3547,29418,1,fgsm,9,9,0,True,True,0.03137260675430298,1.7316378355026245
train,3548,31300,1,pgd,1,1,9,True,True,0.03137257695198059,1.2903926372528076
train,3549,8132,1,cw,0,0,2,True,True,0.010005921125411987,0.34920307993888855
train,3550,19108,1,fgsm,2,2,3,True,True,0.03137260675430298,1.7387192249298096
train,3551,18354,1,fgsm,1,1,9,True,True,0.03137260675430298,1.7372549772262573
train,3552,27537,0,clean,0,0,0,True,False,0.0,0.0
train,3553,8544,0,clean,8,8,8,True,False,0.0,0.0
train,3554,26309,0,clean,6,6,6,True,False,0.0,0.0
train,3555,25418,0,clean,5,5,5,True,False,0.0,0.0
train,3556,25585,0,clean,4,4,4,True,False,0.0,0.0
train,3557,4468,0,clean,0,0,0,True,False,0.0,0.0
train,3558,14165,0,clean,1,1,1,True,False,0.0,0.0
train,3559,40982,0,clean,6,6,6,True,False,0.0,0.0
train,3560,2866,0,clean,6,6,6,True,False,0.0,0.0
train,3561,16448,0,clean,0,0,0,True,False,0.0,0.0
train,3562,32495,0,clean,9,9,9,True,False,0.0,0.0
train,3563,2767,0,clean,9,9,9,True,False,0.0,0.0
train,3564,20208,0,clean,3,3,3,True,False,0.0,0.0
train,3565,27882,0,clean,4,4,4,True,False,0.0,0.0
train,3566,39832,0,clean,9,9,9,True,False,0.0,0.0
train,3567,36623,0,clean,0,0,0,True,False,0.0,0.0
train,3568,27537,1,cw,0,0,2,True,True,0.010004609823226929,0.3577328324317932
train,3569,8544,1,cw,8,8,0,True,True,0.045319318771362305,0.6506759524345398
train,3570,26309,1,fgsm,6,6,3,True,True,0.03137257695198059,1.7362364530563354
train,3571,25418,1,fgsm,5,5,3,True,True,0.03137257695198059,1.7388430833816528
train,3572,25585,1,cw,4,4,2,True,True,0.010005980730056763,0.44252780079841614
train,3573,4468,1,pgd,0,0,2,True,True,0.03137260675430298,1.4274342060089111
train,3574,14165,1,cw,1,1,9,True,True,0.015020698308944702,0.5714951753616333
train,3575,40982,1,pgd,6,6,2,True,True,0.03137257695198059,1.3242665529251099
train,3576,2866,1,cw,6,6,5,True,True,0.010006099939346313,0.37940713763237
train,3577,16448,1,fgsm,0,0,2,True,True,0.03137257695198059,1.7388430833816528
train,3578,32495,1,cw,9,9,0,True,True,0.010006099939346313,0.3718280792236328
train,3579,2767,1,fgsm,9,9,9,True,False,0.03137260675430298,1.7388430833816528
train,3580,20208,1,fgsm,3,3,5,True,True,0.03137260675430298,1.737666368484497
train,3581,27882,1,pgd,4,4,3,True,True,0.03137257695198059,1.3566501140594482
train,3582,39832,1,fgsm,9,9,1,True,True,0.03137260675430298,1.7214657068252563
train,3583,36623,1,fgsm,0,0,8,True,True,0.03137260675430298,1.7352131605148315
train,3584,13390,0,clean,6,6,6,True,False,0.0,0.0
train,3585,33448,0,clean,2,2,2,True,False,0.0,0.0
train,3586,3673,0,clean,2,2,2,True,False,0.0,0.0
train,3587,42388,0,clean,8,8,8,True,False,0.0,0.0
train,3588,24386,0,clean,8,8,8,True,False,0.0,0.0
train,3589,40556,0,clean,0,0,0,True,False,0.0,0.0
train,3590,7086,0,clean,3,3,3,True,False,0.0,0.0
train,3591,3866,0,clean,4,4,4,True,False,0.0,0.0
train,3592,9662,0,clean,6,6,6,True,False,0.0,0.0
train,3593,44828,0,clean,1,1,1,True,False,0.0,0.0
train,3594,16692,0,clean,8,8,8,True,False,0.0,0.0
train,3595,49358,0,clean,8,8,8,True,False,0.0,0.0
train,3596,28136,0,clean,6,6,6,True,False,0.0,0.0
train,3597,29972,0,clean,9,9,9,True,False,0.0,0.0
train,3598,34179,0,clean,1,1,1,True,False,0.0,0.0
train,3599,31770,0,clean,2,2,2,True,False,0.0,0.0
train,3600,13390,1,fgsm,6,6,4,True,True,0.03137257695198059,1.7349960803985596
train,3601,33448,1,cw,2,2,5,True,True,0.00499996542930603,0.23631909489631653
train,3602,3673,1,fgsm,2,2,4,True,True,0.03137257695198059,1.5876686573028564
train,3603,42388,1,pgd,8,8,0,True,True,0.03137257695198059,1.297593355178833
train,3604,24386,1,fgsm,8,8,0,True,True,0.03137260675430298,1.7254811525344849
train,3605,40556,1,cw,0,0,6,True,True,0.01000639796257019,0.3861045837402344
train,3606,7086,1,cw,3,3,5,True,True,0.015001147985458374,0.5091890096664429
train,3607,3866,1,cw,4,4,7,True,True,0.010004669427871704,0.3941441774368286
train,3608,9662,1,cw,6,6,3,True,True,0.010006368160247803,0.43275707960128784
train,3609,44828,1,cw,1,1,9,True,True,0.015016436576843262,0.5439212322235107
train,3610,16692,1,fgsm,8,8,8,True,False,0.03137260675430298,1.7372636795043945
train,3611,49358,1,fgsm,8,8,0,True,True,0.03137260675430298,1.7375558614730835
train,3612,28136,1,pgd,6,6,3,True,True,0.03137260675430298,1.3622921705245972
train,3613,29972,1,cw,9,9,1,True,True,0.031036078929901123,0.4135384261608124
train,3614,34179,1,fgsm,1,1,1,True,False,0.03137260675430298,1.5078569650650024
train,3615,31770,1,cw,2,2,3,True,True,0.00499996542930603,0.22598540782928467
train,3616,11339,0,clean,3,3,3,True,False,0.0,0.0
train,3617,20468,0,clean,2,2,2,True,False,0.0,0.0
train,3618,49377,0,clean,7,7,7,True,False,0.0,0.0
train,3619,34670,0,clean,4,4,4,True,False,0.0,0.0
train,3620,13866,0,clean,6,6,6,True,False,0.0,0.0
train,3621,37938,0,clean,1,1,1,True,False,0.0,0.0
train,3622,13307,0,clean,4,4,4,True,False,0.0,0.0
train,3623,20344,0,clean,3,3,3,True,False,0.0,0.0
train,3624,10145,0,clean,1,1,1,True,False,0.0,0.0
train,3625,47555,0,clean,5,5,5,True,False,0.0,0.0
train,3626,48493,0,clean,2,2,2,True,False,0.0,0.0
train,3627,47542,0,clean,1,1,1,True,False,0.0,0.0
train,3628,19534,0,clean,9,9,9,True,False,0.0,0.0
train,3629,16322,0,clean,3,3,3,True,False,0.0,0.0
train,3630,16711,0,clean,1,1,1,True,False,0.0,0.0
train,3631,32558,0,clean,3,3,3,True,False,0.0,0.0
train,3632,11339,1,fgsm,3,3,4,True,True,0.03137257695198059,1.7378920316696167
train,3633,20468,1,fgsm,2,2,3,True,True,0.03137260675430298,1.738776683807373
train,3634,49377,1,fgsm,7,7,5,True,True,0.03137257695198059,1.731491208076477
train,3635,34670,1,cw,4,4,3,True,True,0.010005146265029907,0.38569775223731995
train,3636,13866,1,pgd,6,6,2,True,True,0.03137257695198059,1.4279155731201172
train,3637,37938,1,pgd,1,1,9,True,True,0.03137260675430298,1.4403609037399292
train,3638,13307,1,cw,4,4,2,True,True,0.00499996542930603,0.21497243642807007
train,3639,20344,1,fgsm,3,3,4,True,True,0.03137260675430298,1.693145990371704
train,3640,10145,1,cw,1,1,9,True,True,0.03315463662147522,0.3573164939880371
train,3641,47555,1,pgd,5,5,0,True,True,0.03137257695198059,1.35673987865448
train,3642,48493,1,pgd,2,2,3,True,True,0.03137257695198059,1.3209589719772339
train,3643,47542,1,pgd,1,1,9,True,True,0.03137260675430298,1.4607822895050049
train,3644,19534,1,fgsm,9,9,1,True,True,0.03137260675430298,1.738564372062683
train,3645,16322,1,fgsm,3,3,9,True,True,0.03137260675430298,1.7358334064483643
train,3646,16711,1,pgd,1,1,8,True,True,0.03137260675430298,1.3921103477478027
train,3647,32558,1,pgd,3,3,6,True,True,0.03137257695198059,1.3318936824798584
train,3648,43796,0,clean,5,5,5,True,False,0.0,0.0
train,3649,5164,0,clean,9,9,9,True,False,0.0,0.0
train,3650,12289,0,clean,3,3,3,True,False,0.0,0.0
train,3651,44194,0,clean,6,6,6,True,False,0.0,0.0
train,3652,48765,0,clean,6,6,6,True,False,0.0,0.0
train,3653,40464,0,clean,7,7,7,True,False,0.0,0.0
train,3654,12363,0,clean,0,0,0,True,False,0.0,0.0
train,3655,37683,0,clean,7,7,7,True,False,0.0,0.0
train,3656,23635,0,clean,1,1,1,True,False,0.0,0.0
train,3657,315,0,clean,3,3,3,True,False,0.0,0.0
train,3658,34639,0,clean,2,2,2,True,False,0.0,0.0
train,3659,15638,0,clean,2,2,2,True,False,0.0,0.0
train,3660,32493,0,clean,6,6,6,True,False,0.0,0.0
train,3661,26075,0,clean,6,6,6,True,False,0.0,0.0
train,3662,47337,0,clean,0,0,0,True,False,0.0,0.0
train,3663,33876,0,clean,3,3,3,True,False,0.0,0.0
train,3664,43796,1,pgd,5,5,3,True,True,0.03137260675430298,1.354188323020935
train,3665,5164,1,pgd,9,9,0,True,True,0.03137260675430298,1.4168328046798706
train,3666,12289,1,pgd,3,3,5,True,True,0.03137257695198059,1.230526328086853
train,3667,44194,1,cw,6,6,8,True,True,0.00499996542930603,0.23836106061935425
train,3668,48765,1,pgd,6,6,2,True,True,0.03137257695198059,1.4744046926498413
train,3669,40464,1,fgsm,7,7,4,True,True,0.03137257695198059,1.7387192249298096
train,3670,12363,1,fgsm,0,0,2,True,True,0.03137260675430298,1.7348896265029907
train,3671,37683,1,pgd,7,7,4,True,True,0.03137257695198059,1.365941047668457
train,3672,23635,1,cw,1,1,9,True,True,0.03324764966964722,0.39081257581710815
train,3673,315,1,fgsm,3,3,5,True,True,0.03137260675430298,1.6223211288452148
train,3674,34639,1,fgsm,2,2,2,True,False,0.03137260675430298,1.7386705875396729
train,3675,15638,1,pgd,2,2,4,True,True,0.03137260675430298,1.3159205913543701
train,3676,32493,1,pgd,6,6,4,True,True,0.03137257695198059,1.4574350118637085
train,3677,26075,1,fgsm,6,6,3,True,True,0.03137257695198059,1.7355986833572388
train,3678,47337,1,pgd,0,0,2,True,True,0.03137257695198059,1.3436681032180786
train,3679,33876,1,fgsm,3,3,6,True,True,0.03137257695198059,1.7388430833816528
train,3680,3225,0,clean,4,4,4,True,False,0.0,0.0
train,3681,35271,0,clean,3,3,3,True,False,0.0,0.0
train,3682,26471,0,clean,1,1,1,True,False,0.0,0.0
train,3683,36904,0,clean,7,7,7,True,False,0.0,0.0
train,3684,44253,0,clean,2,2,2,True,False,0.0,0.0
train,3685,28385,0,clean,7,7,7,True,False,0.0,0.0
train,3686,47677,0,clean,0,0,0,True,False,0.0,0.0
train,3687,45044,0,clean,9,9,9,True,False,0.0,0.0
train,3688,19040,0,clean,6,6,6,True,False,0.0,0.0
train,3689,11707,0,clean,1,1,1,True,False,0.0,0.0
train,3690,14196,0,clean,7,7,7,True,False,0.0,0.0
train,3691,3643,0,clean,9,9,9,True,False,0.0,0.0
train,3692,47345,0,clean,4,4,4,True,False,0.0,0.0
train,3693,21199,0,clean,1,1,1,True,False,0.0,0.0
train,3694,32795,0,clean,5,5,5,True,False,0.0,0.0
train,3695,18185,0,clean,4,4,4,True,False,0.0,0.0
train,3696,3225,1,cw,4,4,7,True,True,0.00499996542930603,0.22321727871894836
train,3697,35271,1,fgsm,3,3,5,True,True,0.03137260675430298,1.738644003868103
train,3698,26471,1,pgd,1,1,9,True,True,0.03137260675430298,1.337194800376892
train,3699,36904,1,pgd,7,7,4,True,True,0.03137260675430298,1.4523662328720093
train,3700,44253,1,pgd,2,2,7,True,True,0.03137257695198059,1.3431881666183472
train,3701,28385,1,cw,7,7,4,True,True,0.00499996542930603,0.24122340977191925
train,3702,47677,1,pgd,0,0,8,True,True,0.03137260675430298,1.406860589981079
train,3703,45044,1,cw,9,9,0,True,True,0.017237335443496704,0.1799776256084442
train,3704,19040,1,pgd,6,6,4,True,True,0.03137257695198059,1.3976210355758667
train,3705,11707,1,pgd,1,1,8,True,True,0.03137260675430298,1.383241891860962
train,3706,14196,1,pgd,7,7,6,True,True,0.03137260675430298,1.3987770080566406
train,3707,3643,1,cw,9,9,1,True,True,0.047388285398483276,0.7219972014427185
train,3708,47345,1,pgd,4,4,5,True,True,0.03137257695198059,1.3373037576675415
train,3709,21199,1,cw,1,1,9,True,True,0.010005146265029907,0.3659230172634125
train,3710,32795,1,cw,5,5,3,True,True,0.01000550389289856,0.43582600355148315
train,3711,18185,1,pgd,4,4,2,True,True,0.03137257695198059,1.3503609895706177
train,3712,8220,0,clean,6,6,6,True,False,0.0,0.0
train,3713,29729,0,clean,0,0,0,True,False,0.0,0.0
train,3714,18038,0,clean,5,5,5,True,False,0.0,0.0
train,3715,13388,0,clean,8,8,8,True,False,0.0,0.0
train,3716,7021,0,clean,5,5,5,True,False,0.0,0.0
train,3717,40821,0,clean,7,7,7,True,False,0.0,0.0
train,3718,7748,0,clean,8,8,8,True,False,0.0,0.0
train,3719,3690,0,clean,4,4,4,True,False,0.0,0.0
train,3720,47747,0,clean,7,7,7,True,False,0.0,0.0
train,3721,34604,0,clean,4,4,4,True,False,0.0,0.0
train,3722,2465,0,clean,4,4,4,True,False,0.0,0.0
train,3723,10724,0,clean,5,5,5,True,False,0.0,0.0
train,3724,24668,0,clean,0,0,0,True,False,0.0,0.0
train,3725,8923,0,clean,5,5,5,True,False,0.0,0.0
train,3726,42062,0,clean,2,2,2,True,False,0.0,0.0
train,3727,21581,0,clean,6,6,6,True,False,0.0,0.0
train,3728,8220,1,fgsm,6,6,3,True,True,0.03137257695198059,1.7388430833816528
train,3729,29729,1,pgd,0,0,8,True,True,0.03137260675430298,1.372049331665039
train,3730,18038,1,fgsm,5,5,4,True,True,0.03137260675430298,1.7343577146530151
train,3731,13388,1,pgd,8,8,9,True,True,0.03137260675430298,1.3910635709762573
train,3732,7021,1,pgd,5,5,3,True,True,0.03137260675430298,1.404991626739502
train,3733,40821,1,cw,7,7,5,True,True,0.010005921125411987,0.4391053020954132
train,3734,7748,1,cw,8,8,2,True,True,0.015007853507995605,0.4772528111934662
train,3735,3690,1,cw,4,4,7,True,True,0.01000639796257019,0.4185657203197479
train,3736,47747,1,cw,7,7,5,True,True,0.010005831718444824,0.4414353370666504
train,3737,34604,1,cw,4,4,6,True,True,0.00499996542930603,0.2353917956352234
train,3738,2465,1,cw,4,4,5,True,True,0.00499996542930603,0.2508309781551361
train,3739,10724,1,cw,5,5,3,True,True,0.010003596544265747,0.3615110516548157
train,3740,24668,1,pgd,0,0,6,True,True,0.03137260675430298,1.3663684129714966
train,3741,8923,1,fgsm,5,5,3,True,True,0.03137260675430298,1.738776683807373
train,3742,42062,1,fgsm,2,2,3,True,True,0.03137260675430298,1.7388430833816528
train,3743,21581,1,pgd,6,6,4,True,True,0.03137257695198059,1.3814324140548706
train,3744,11162,0,clean,7,7,7,True,False,0.0,0.0
train,3745,17751,0,clean,6,6,6,True,False,0.0,0.0
train,3746,44377,0,clean,5,5,5,True,False,0.0,0.0
train,3747,12740,0,clean,0,0,0,True,False,0.0,0.0
train,3748,3804,0,clean,6,6,6,True,False,0.0,0.0
train,3749,22593,0,clean,3,3,3,True,False,0.0,0.0
train,3750,3763,0,clean,3,3,3,True,False,0.0,0.0
train,3751,18199,0,clean,5,5,5,True,False,0.0,0.0
train,3752,517,0,clean,3,3,3,True,False,0.0,0.0
train,3753,44605,0,clean,9,1,1,False,False,0.0,0.0
train,3754,21412,0,clean,2,2,2,True,False,0.0,0.0
train,3755,41027,0,clean,3,3,3,True,False,0.0,0.0
train,3756,30104,0,clean,1,1,1,True,False,0.0,0.0
train,3757,2624,0,clean,9,9,9,True,False,0.0,0.0
train,3758,8047,0,clean,4,4,4,True,False,0.0,0.0
train,3759,15543,0,clean,7,7,7,True,False,0.0,0.0
train,3760,11162,1,fgsm,7,7,5,True,True,0.03137260675430298,1.7374318838119507
train,3761,17751,1,pgd,6,6,9,True,True,0.03137257695198059,1.3196128606796265
train,3762,44377,1,cw,5,5,3,True,True,0.010004192590713501,0.38736987113952637
train,3763,12740,1,pgd,0,0,6,True,True,0.03137257695198059,1.3902318477630615
train,3764,3804,1,cw,6,6,3,True,True,0.010002672672271729,0.39869821071624756
train,3765,22593,1,pgd,3,3,5,True,True,0.03137257695198059,1.2777596712112427
train,3766,3763,1,pgd,3,3,4,True,True,0.03137257695198059,1.3307039737701416
train,3767,18199,1,cw,5,5,3,True,True,0.00499996542930603,0.18053527176380157
train,3768,517,1,fgsm,3,3,2,True,True,0.03137257695198059,1.7323392629623413
train,3769,44605,1,pgd,9,1,1,False,False,0.03137260675430298,1.3952157497406006
train,3770,21412,1,cw,2,2,3,True,True,0.015002906322479248,0.458654522895813
train,3771,41027,1,cw,3,3,7,True,True,0.010003119707107544,0.3288101255893707
train,3772,30104,1,cw,1,1,9,True,True,0.01000562310218811,0.3754400312900543
train,3773,2624,1,cw,9,9,7,True,True,0.010003536939620972,0.34649139642715454
train,3774,8047,1,cw,4,4,7,True,True,0.00499996542930603,0.24765512347221375
train,3775,15543,1,fgsm,7,7,4,True,True,0.03137260675430298,1.7359132766723633
train,3776,14694,0,clean,6,6,6,True,False,0.0,0.0
train,3777,26015,0,clean,8,8,8,True,False,0.0,0.0
train,3778,32709,0,clean,6,6,6,True,False,0.0,0.0
train,3779,14452,0,clean,7,7,7,True,False,0.0,0.0
train,3780,41448,0,clean,6,6,6,True,False,0.0,0.0
train,3781,28312,0,clean,3,3,3,True,False,0.0,0.0
train,3782,43018,0,clean,3,3,3,True,False,0.0,0.0
train,3783,41516,0,clean,6,6,6,True,False,0.0,0.0
train,3784,1283,0,clean,2,2,2,True,False,0.0,0.0
train,3785,25201,0,clean,1,1,1,True,False,0.0,0.0
train,3786,14749,0,clean,6,6,6,True,False,0.0,0.0
train,3787,44781,0,clean,5,5,5,True,False,0.0,0.0
train,3788,32067,0,clean,2,2,2,True,False,0.0,0.0
train,3789,4701,0,clean,9,9,9,True,False,0.0,0.0
train,3790,12948,0,clean,9,9,9,True,False,0.0,0.0
train,3791,34650,0,clean,3,3,3,True,False,0.0,0.0
train,3792,14694,1,fgsm,6,6,3,True,True,0.03137257695198059,1.7302519083023071
train,3793,26015,1,cw,8,8,0,True,True,0.015011131763458252,0.4716537296772003
train,3794,32709,1,cw,6,6,2,True,True,0.00499996542930603,0.24576430022716522
train,3795,14452,1,cw,7,7,4,True,True,0.010006159543991089,0.41048431396484375
train,3796,41448,1,cw,6,6,4,True,True,0.0340019166469574,0.42142102122306824
train,3797,28312,1,cw,3,3,5,True,True,0.00499996542930603,0.25067415833473206
train,3798,43018,1,pgd,3,3,7,True,True,0.03137257695198059,1.2994484901428223
train,3799,41516,1,pgd,6,6,2,True,True,0.03137257695198059,1.4204148054122925
train,3800,1283,1,fgsm,2,2,5,True,True,0.03137257695198059,1.7387192249298096
train,3801,25201,1,cw,1,1,9,True,True,0.010006099939346313,0.401041179895401
train,3802,14749,1,pgd,6,6,3,True,True,0.03137260675430298,1.4178863763809204
train,3803,44781,1,cw,5,5,2,True,True,0.010005742311477661,0.4007354974746704
train,3804,32067,1,cw,2,2,7,True,True,0.00499996542930603,0.21936021745204926
train,3805,4701,1,fgsm,9,9,1,True,True,0.03137260675430298,1.734322190284729
train,3806,12948,1,cw,9,9,1,True,True,0.010004967451095581,0.3660643696784973
train,3807,34650,1,pgd,3,3,5,True,True,0.03137260675430298,1.3365201950073242
train,3808,32438,0,clean,1,1,1,True,False,0.0,0.0
train,3809,10870,0,clean,3,3,3,True,False,0.0,0.0
train,3810,15254,0,clean,4,4,4,True,False,0.0,0.0
train,3811,27136,0,clean,3,3,3,True,False,0.0,0.0
train,3812,14921,0,clean,4,4,4,True,False,0.0,0.0
train,3813,48867,0,clean,3,3,3,True,False,0.0,0.0
train,3814,25741,0,clean,7,7,7,True,False,0.0,0.0
train,3815,17248,0,clean,6,6,6,True,False,0.0,0.0
train,3816,1961,0,clean,3,3,3,True,False,0.0,0.0
train,3817,41620,0,clean,7,7,7,True,False,0.0,0.0
train,3818,46541,0,clean,2,2,2,True,False,0.0,0.0
train,3819,45305,0,clean,6,6,6,True,False,0.0,0.0
train,3820,39975,0,clean,5,5,5,True,False,0.0,0.0
train,3821,23166,0,clean,9,9,9,True,False,0.0,0.0
train,3822,26318,0,clean,7,7,7,True,False,0.0,0.0
train,3823,23002,0,clean,0,0,0,True,False,0.0,0.0
train,3824,32438,1,fgsm,1,1,9,True,True,0.03137260675430298,1.7221624851226807
train,3825,10870,1,cw,3,3,5,True,True,0.015015631914138794,0.611316442489624
train,3826,15254,1,cw,4,4,5,True,True,0.01501891016960144,0.5223420858383179
train,3827,27136,1,fgsm,3,3,2,True,True,0.03137260675430298,1.7388430833816528
train,3828,14921,1,cw,4,4,3,True,True,0.00499996542930603,0.20441633462905884
train,3829,48867,1,pgd,3,3,4,True,True,0.03137260675430298,1.3021730184555054
train,3830,25741,1,pgd,7,7,4,True,True,0.03137257695198059,1.2781282663345337
train,3831,17248,1,pgd,6,6,3,True,True,0.03137260675430298,1.4050558805465698
train,3832,1961,1,cw,3,3,5,True,True,0.00499996542930603,0.2264568954706192
train,3833,41620,1,pgd,7,7,5,True,True,0.03137260675430298,1.4619210958480835
train,3834,46541,1,fgsm,2,2,6,True,True,0.03137260675430298,1.7383211851119995
train,3835,45305,1,fgsm,6,6,2,True,True,0.03137257695198059,1.7265148162841797
train,3836,39975,1,fgsm,5,5,2,True,True,0.03137260675430298,1.7342644929885864
train,3837,23166,1,fgsm,9,9,2,True,True,0.03137260675430298,1.6956374645233154
train,3838,26318,1,pgd,7,7,4,True,True,0.03137257695198059,1.3971832990646362
train,3839,23002,1,pgd,0,0,6,True,True,0.03137260675430298,1.4460748434066772
train,3840,19826,0,clean,9,9,9,True,False,0.0,0.0
train,3841,46762,0,clean,5,5,5,True,False,0.0,0.0
train,3842,29767,0,clean,6,6,6,True,False,0.0,0.0
train,3843,9817,0,clean,3,3,3,True,False,0.0,0.0
train,3844,38581,0,clean,0,0,0,True,False,0.0,0.0
train,3845,18918,0,clean,4,4,4,True,False,0.0,0.0
train,3846,48204,0,clean,7,7,7,True,False,0.0,0.0
train,3847,41439,0,clean,1,1,1,True,False,0.0,0.0
train,3848,10983,0,clean,9,9,9,True,False,0.0,0.0
train,3849,31936,0,clean,3,3,3,True,False,0.0,0.0
train,3850,36157,0,clean,3,3,3,True,False,0.0,0.0
train,3851,10945,0,clean,5,5,5,True,False,0.0,0.0
train,3852,7708,0,clean,9,9,9,True,False,0.0,0.0
train,3853,1115,0,clean,9,9,9,True,False,0.0,0.0
train,3854,25738,0,clean,3,3,3,True,False,0.0,0.0
train,3855,12646,0,clean,8,8,8,True,False,0.0,0.0
train,3856,19826,1,fgsm,9,9,1,True,True,0.03137260675430298,1.622875690460205
train,3857,46762,1,fgsm,5,5,3,True,True,0.03137257695198059,1.7387192249298096
train,3858,29767,1,fgsm,6,6,3,True,True,0.03137257695198059,1.7388430833816528
train,3859,9817,1,cw,3,3,2,True,True,0.01947692036628723,0.2208251953125
train,3860,38581,1,pgd,0,0,3,True,True,0.03137257695198059,1.4744151830673218
train,3861,18918,1,cw,4,4,5,True,True,0.015011310577392578,0.6203160881996155
train,3862,48204,1,fgsm,7,7,4,True,True,0.03137260675430298,1.738776683807373
train,3863,41439,1,cw,1,1,9,True,True,0.01000639796257019,0.3590819239616394
train,3864,10983,1,fgsm,9,9,4,True,True,0.03137260675430298,1.7359973192214966
train,3865,31936,1,cw,3,3,5,True,True,0.00499996542930603,0.20259639620780945
train,3866,36157,1,pgd,3,3,2,True,True,0.03137260675430298,1.3934533596038818
train,3867,10945,1,pgd,5,5,2,True,True,0.03137257695198059,1.3403772115707397
train,3868,7708,1,cw,9,9,1,True,True,0.00499996542930603,0.202726811170578
train,3869,1115,1,cw,9,9,1,True,True,0.015022367238998413,0.5055596828460693
train,3870,25738,1,cw,3,3,5,True,True,0.010006338357925415,0.3789825737476349
train,3871,12646,1,cw,8,8,5,True,True,0.00499996542930603,0.23398354649543762
train,3872,28082,0,clean,7,7,7,True,False,0.0,0.0
train,3873,11237,0,clean,0,0,0,True,False,0.0,0.0
train,3874,17293,0,clean,5,5,5,True,False,0.0,0.0
train,3875,27819,0,clean,5,5,5,True,False,0.0,0.0
train,3876,9274,0,clean,5,5,5,True,False,0.0,0.0
train,3877,23489,0,clean,1,1,1,True,False,0.0,0.0
train,3878,47059,0,clean,5,5,5,True,False,0.0,0.0
train,3879,20307,0,clean,1,1,1,True,False,0.0,0.0
train,3880,4644,0,clean,6,6,6,True,False,0.0,0.0
train,3881,7636,0,clean,4,4,4,True,False,0.0,0.0
train,3882,46494,0,clean,5,5,5,True,False,0.0,0.0
train,3883,31272,0,clean,2,2,2,True,False,0.0,0.0
train,3884,11555,0,clean,9,9,9,True,False,0.0,0.0
train,3885,4132,0,clean,1,1,1,True,False,0.0,0.0
train,3886,29357,0,clean,6,6,6,True,False,0.0,0.0
train,3887,48688,0,clean,7,7,7,True,False,0.0,0.0
train,3888,28082,1,pgd,7,7,8,True,True,0.03137260675430298,1.2698755264282227
train,3889,11237,1,fgsm,0,0,9,True,True,0.03137260675430298,1.6946349143981934
train,3890,17293,1,cw,5,5,3,True,True,0.015011459589004517,0.49733495712280273
train,3891,27819,1,fgsm,5,5,2,True,True,0.03137257695198059,1.7388430833816528
train,3892,9274,1,fgsm,5,5,2,True,True,0.03137260675430298,1.7069050073623657
train,3893,23489,1,pgd,1,1,9,True,True,0.03137260675430298,1.3339319229125977
train,3894,47059,1,pgd,5,5,3,True,True,0.03137257695198059,1.2891981601715088
train,3895,20307,1,fgsm,1,1,9,True,True,0.03137260675430298,1.7388430833816528
train,3896,4644,1,cw,6,6,3,True,True,0.010005980730056763,0.45694005489349365
train,3897,7636,1,cw,4,4,5,True,True,0.02004191279411316,0.7108368277549744
train,3898,46494,1,cw,5,5,3,True,True,0.00499996542930603,0.18721264600753784
train,3899,31272,1,cw,2,2,5,True,True,0.010003387928009033,0.3969345986843109
train,3900,11555,1,fgsm,9,9,1,True,True,0.03137260675430298,1.7380690574645996
train,3901,4132,1,pgd,1,1,8,True,True,0.03137257695198059,1.3139071464538574
train,3902,29357,1,pgd,6,6,4,True,True,0.03137257695198059,1.45191490650177
train,3903,48688,1,cw,7,7,0,True,True,0.010005176067352295,0.3543574810028076
train,3904,24914,0,clean,5,5,5,True,False,0.0,0.0
train,3905,8765,0,clean,4,4,4,True,False,0.0,0.0
train,3906,6662,0,clean,9,9,9,True,False,0.0,0.0
train,3907,19107,0,clean,6,6,6,True,False,0.0,0.0
train,3908,22341,0,clean,7,7,7,True,False,0.0,0.0
train,3909,30659,0,clean,7,7,7,True,False,0.0,0.0
train,3910,45488,0,clean,1,1,1,True,False,0.0,0.0
train,3911,2797,0,clean,8,8,8,True,False,0.0,0.0
train,3912,37241,0,clean,4,4,4,True,False,0.0,0.0
train,3913,1595,0,clean,4,4,4,True,False,0.0,0.0
train,3914,25525,0,clean,4,4,4,True,False,0.0,0.0
train,3915,18855,0,clean,2,2,2,True,False,0.0,0.0
train,3916,6868,0,clean,3,5,5,False,False,0.0,0.0
train,3917,25117,0,clean,1,1,1,True,False,0.0,0.0
train,3918,23866,0,clean,0,0,0,True,False,0.0,0.0
train,3919,34157,0,clean,6,6,6,True,False,0.0,0.0
train,3920,24914,1,cw,5,5,3,True,True,0.010004371404647827,0.38852420449256897
train,3921,8765,1,pgd,4,4,5,True,True,0.03137257695198059,1.2760218381881714
train,3922,6662,1,pgd,9,9,1,True,True,0.03137260675430298,1.3011376857757568
train,3923,19107,1,fgsm,6,6,3,True,True,0.03137260675430298,1.6348425149917603
train,3924,22341,1,cw,7,7,5,True,True,0.03908821940422058,0.5202570557594299
train,3925,30659,1,fgsm,7,7,8,True,True,0.03137260675430298,1.7057290077209473
train,3926,45488,1,pgd,1,1,9,True,True,0.03137257695198059,1.4020016193389893
train,3927,2797,1,cw,8,8,0,True,True,0.010005205869674683,0.3766860067844391
train,3928,37241,1,fgsm,4,4,2,True,True,0.03137257695198059,1.738418459892273
train,3929,1595,1,cw,4,4,2,True,True,0.00499996542930603,0.23517940938472748
train,3930,25525,1,pgd,4,4,2,True,True,0.03137260675430298,1.4027841091156006
train,3931,18855,1,pgd,2,2,3,True,True,0.03137257695198059,1.350648283958435
train,3932,6868,1,cw,3,5,5,False,False,0.00021755695343017578,0.0022249461617320776
train,3933,25117,1,cw,1,1,9,True,True,0.010005801916122437,0.3681623041629791
train,3934,23866,1,fgsm,0,0,8,True,True,0.03137257695198059,1.7372769117355347
train,3935,34157,1,pgd,6,6,3,True,True,0.03137257695198059,1.3426908254623413
train,3936,41248,0,clean,1,1,1,True,False,0.0,0.0
train,3937,16481,0,clean,4,4,4,True,False,0.0,0.0
train,3938,7730,0,clean,8,8,8,True,False,0.0,0.0
train,3939,30086,0,clean,1,1,1,True,False,0.0,0.0
train,3940,16034,0,clean,2,2,2,True,False,0.0,0.0
train,3941,32439,0,clean,9,9,9,True,False,0.0,0.0
train,3942,32131,0,clean,0,0,0,True,False,0.0,0.0
train,3943,11305,0,clean,0,0,0,True,False,0.0,0.0
train,3944,33790,0,clean,9,9,9,True,False,0.0,0.0
train,3945,1940,0,clean,9,9,9,True,False,0.0,0.0
train,3946,23968,0,clean,4,4,4,True,False,0.0,0.0
train,3947,15525,0,clean,4,4,4,True,False,0.0,0.0
train,3948,37040,0,clean,9,9,9,True,False,0.0,0.0
train,3949,13605,0,clean,7,7,7,True,False,0.0,0.0
train,3950,6119,0,clean,7,7,7,True,False,0.0,0.0
train,3951,31748,0,clean,6,6,6,True,False,0.0,0.0
train,3952,41248,1,cw,1,1,9,True,True,0.00499996542930603,0.2240413874387741
train,3953,16481,1,fgsm,4,4,7,True,True,0.03137260675430298,1.7310028076171875
train,3954,7730,1,cw,8,8,9,True,True,0.01000639796257019,0.424194872379303
train,3955,30086,1,cw,1,1,9,True,True,0.01000639796257019,0.4247211813926697
train,3956,16034,1,pgd,2,2,5,True,True,0.03137257695198059,1.3724291324615479
train,3957,32439,1,fgsm,9,9,8,True,True,0.03137260675430298,1.7249107360839844
train,3958,32131,1,cw,0,0,2,True,True,0.0529995858669281,0.679435133934021
train,3959,11305,1,cw,0,0,3,True,True,0.010003328323364258,0.2529200613498688
train,3960,33790,1,fgsm,9,9,8,True,True,0.03137260675430298,1.7388430833816528
train,3961,1940,1,cw,9,9,1,True,True,0.03752830624580383,0.4872777462005615
train,3962,23968,1,cw,4,4,5,True,True,0.010005980730056763,0.40940964221954346
train,3963,15525,1,fgsm,4,4,2,True,True,0.03137257695198059,1.7388430833816528
train,3964,37040,1,cw,9,9,1,True,True,0.01000562310218811,0.4011550545692444
train,3965,13605,1,pgd,7,7,4,True,True,0.03137260675430298,1.522157073020935
train,3966,6119,1,cw,7,7,4,True,True,0.00499996542930603,0.2329256385564804
train,3967,31748,1,pgd,6,6,2,True,True,0.03137257695198059,1.3851187229156494
train,3968,2989,0,clean,6,6,6,True,False,0.0,0.0
train,3969,47915,0,clean,3,3,3,True,False,0.0,0.0
train,3970,28237,0,clean,3,3,3,True,False,0.0,0.0
train,3971,10368,0,clean,7,7,7,True,False,0.0,0.0
train,3972,17586,0,clean,1,1,1,True,False,0.0,0.0
train,3973,10340,0,clean,0,0,0,True,False,0.0,0.0
train,3974,46065,0,clean,5,5,5,True,False,0.0,0.0
train,3975,6407,0,clean,8,8,8,True,False,0.0,0.0
train,3976,9266,0,clean,1,1,1,True,False,0.0,0.0
train,3977,30307,0,clean,4,4,4,True,False,0.0,0.0
train,3978,40102,0,clean,9,9,9,True,False,0.0,0.0
train,3979,42974,0,clean,4,4,4,True,False,0.0,0.0
train,3980,36269,0,clean,3,3,3,True,False,0.0,0.0
train,3981,22263,0,clean,6,6,6,True,False,0.0,0.0
train,3982,14400,0,clean,7,7,7,True,False,0.0,0.0
train,3983,12683,0,clean,7,7,7,True,False,0.0,0.0
train,3984,2989,1,fgsm,6,6,3,True,True,0.03137257695198059,1.7385070323944092
train,3985,47915,1,fgsm,3,3,5,True,True,0.03137260675430298,1.7004917860031128
train,3986,28237,1,fgsm,3,3,5,True,True,0.03137260675430298,1.7385379076004028
train,3987,10368,1,fgsm,7,7,9,True,True,0.03137260675430298,1.7385998964309692
train,3988,17586,1,cw,1,1,9,True,True,0.010004520416259766,0.38476574420928955
train,3989,10340,1,pgd,0,0,8,True,True,0.03137257695198059,1.3208471536636353
train,3990,46065,1,cw,5,5,3,True,True,0.00499996542930603,0.24942125380039215
train,3991,6407,1,fgsm,8,8,4,True,True,0.03137260675430298,1.7349915504455566
train,3992,9266,1,pgd,1,1,9,True,True,0.03137260675430298,1.382856011390686
train,3993,30307,1,cw,4,4,5,True,True,0.010005921125411987,0.44846221804618835
train,3994,40102,1,cw,9,9,1,True,True,0.00499996542930603,0.2328260987997055
train,3995,42974,1,cw,4,4,6,True,True,0.00499996542930603,0.2133692055940628
train,3996,36269,1,fgsm,3,3,6,True,True,0.03137257695198059,1.7189223766326904
train,3997,22263,1,fgsm,6,6,4,True,True,0.03137257695198059,1.734721064567566
train,3998,14400,1,fgsm,7,7,4,True,True,0.03137257695198059,1.7196826934814453
train,3999,12683,1,cw,7,7,5,True,True,0.042794883251190186,0.5381779670715332
train,4000,21886,0,clean,2,2,2,True,False,0.0,0.0
train,4001,21802,0,clean,8,8,8,True,False,0.0,0.0
train,4002,25827,0,clean,1,1,1,True,False,0.0,0.0
train,4003,3433,0,clean,4,4,4,True,False,0.0,0.0
train,4004,20283,0,clean,2,2,2,True,False,0.0,0.0
train,4005,43945,0,clean,0,0,0,True,False,0.0,0.0
train,4006,29089,0,clean,6,6,6,True,False,0.0,0.0
train,4007,28985,0,clean,8,8,8,True,False,0.0,0.0
train,4008,45204,0,clean,7,7,7,True,False,0.0,0.0
train,4009,7507,0,clean,8,8,8,True,False,0.0,0.0
train,4010,12614,0,clean,8,8,8,True,False,0.0,0.0
train,4011,26977,0,clean,8,8,8,True,False,0.0,0.0
train,4012,18725,0,clean,8,8,8,True,False,0.0,0.0
train,4013,48225,0,clean,8,8,8,True,False,0.0,0.0
train,4014,45623,0,clean,4,4,4,True,False,0.0,0.0
train,4015,47807,0,clean,8,8,8,True,False,0.0,0.0
train,4016,21886,1,cw,2,2,3,True,True,0.010005772113800049,0.41531771421432495
train,4017,21802,1,cw,8,8,0,True,True,0.010006219148635864,0.41336703300476074
train,4018,25827,1,cw,1,1,9,True,True,0.010001718997955322,0.35565313696861267
train,4019,3433,1,cw,4,4,7,True,True,0.010005563497543335,0.402876079082489
train,4020,20283,1,cw,2,2,5,True,True,0.00499996542930603,0.19516527652740479
train,4021,43945,1,pgd,0,0,4,True,True,0.03137260675430298,1.3902969360351562
train,4022,29089,1,cw,6,6,4,True,True,0.010000109672546387,0.3027938902378082
train,4023,28985,1,fgsm,8,8,1,True,True,0.03137260675430298,1.737051248550415
train,4024,45204,1,pgd,7,7,5,True,True,0.03137257695198059,1.3366163969039917
train,4025,7507,1,fgsm,8,8,9,True,True,0.03137257695198059,1.7388430833816528
train,4026,12614,1,fgsm,8,8,7,True,True,0.03137260675430298,1.738776683807373
train,4027,26977,1,fgsm,8,8,4,True,True,0.03137260675430298,1.7388430833816528
train,4028,18725,1,fgsm,8,8,9,True,True,0.03137260675430298,1.7324634790420532
train,4029,48225,1,cw,8,8,0,True,True,0.00499996542930603,0.2119586020708084
train,4030,45623,1,pgd,4,4,7,True,True,0.03137257695198059,1.3852144479751587
train,4031,47807,1,fgsm,8,8,8,True,False,0.03137260675430298,1.6729661226272583
train,4032,19496,0,clean,3,3,3,True,False,0.0,0.0
train,4033,14670,0,clean,4,4,4,True,False,0.0,0.0
train,4034,22796,0,clean,0,0,0,True,False,0.0,0.0
train,4035,26517,0,clean,6,6,6,True,False,0.0,0.0
train,4036,37350,0,clean,3,3,3,True,False,0.0,0.0
train,4037,21950,0,clean,4,4,4,True,False,0.0,0.0
train,4038,28969,0,clean,7,7,7,True,False,0.0,0.0
train,4039,46517,0,clean,7,5,5,False,False,0.0,0.0
train,4040,14364,0,clean,2,2,2,True,False,0.0,0.0
train,4041,23000,0,clean,7,7,7,True,False,0.0,0.0
train,4042,38658,0,clean,1,1,1,True,False,0.0,0.0
train,4043,5904,0,clean,8,8,8,True,False,0.0,0.0
train,4044,33069,0,clean,6,6,6,True,False,0.0,0.0
train,4045,38984,0,clean,3,3,3,True,False,0.0,0.0
train,4046,30498,0,clean,7,7,7,True,False,0.0,0.0
train,4047,22457,0,clean,7,7,7,True,False,0.0,0.0
train,4048,19496,1,pgd,3,3,5,True,True,0.03137260675430298,1.3492465019226074
train,4049,14670,1,pgd,4,4,5,True,True,0.03137260675430298,1.4139922857284546
train,4050,22796,1,cw,0,0,8,True,True,0.00499996542930603,0.22103802859783173
train,4051,26517,1,cw,6,6,3,True,True,0.010004520416259766,0.3776503801345825
train,4052,37350,1,fgsm,3,3,0,True,True,0.03137260675430298,1.7377593517303467
train,4053,21950,1,pgd,4,4,6,True,True,0.03137257695198059,1.350997805595398
train,4054,28969,1,cw,7,7,3,True,True,0.01000601053237915,0.361935555934906
train,4055,46517,1,cw,7,5,5,False,False,0.00021755695343017578,0.002314179902896285
train,4056,14364,1,cw,2,2,5,True,True,0.010005980730056763,0.29481494426727295
train,4057,23000,1,pgd,7,7,5,True,True,0.03137257695198059,1.397840142250061
train,4058,38658,1,fgsm,1,1,9,True,True,0.03137260675430298,1.7352885007858276
train,4059,5904,1,cw,8,8,0,True,True,0.00499996542930603,0.2097768485546112
train,4060,33069,1,pgd,6,6,3,True,True,0.03137257695198059,1.3378323316574097
train,4061,38984,1,fgsm,3,3,5,True,True,0.03137260675430298,1.7380160093307495
train,4062,30498,1,fgsm,7,7,4,True,True,0.03137260675430298,1.7388430833816528
train,4063,22457,1,pgd,7,7,5,True,True,0.03137257695198059,1.4011223316192627
train,4064,20614,0,clean,7,7,7,True,False,0.0,0.0
train,4065,619,0,clean,6,6,6,True,False,0.0,0.0
train,4066,45266,0,clean,6,6,6,True,False,0.0,0.0
train,4067,3063,0,clean,0,0,0,True,False,0.0,0.0
train,4068,49521,0,clean,8,8,8,True,False,0.0,0.0
train,4069,19974,0,clean,0,0,0,True,False,0.0,0.0
train,4070,42397,0,clean,5,5,5,True,False,0.0,0.0
train,4071,47453,0,clean,1,1,1,True,False,0.0,0.0
train,4072,9516,0,clean,4,4,4,True,False,0.0,0.0
train,4073,259,0,clean,8,8,8,True,False,0.0,0.0
train,4074,32724,0,clean,9,9,9,True,False,0.0,0.0
train,4075,46221,0,clean,9,9,9,True,False,0.0,0.0
train,4076,24199,0,clean,2,2,2,True,False,0.0,0.0
train,4077,47112,0,clean,8,8,8,True,False,0.0,0.0
train,4078,10167,0,clean,4,4,4,True,False,0.0,0.0
train,4079,34298,0,clean,4,4,4,True,False,0.0,0.0
train,4080,20614,1,fgsm,7,7,5,True,True,0.03137257695198059,1.7385777235031128
train,4081,619,1,pgd,6,6,4,True,True,0.03137257695198059,1.4911103248596191
train,4082,45266,1,cw,6,6,4,True,True,0.015016943216323853,0.5794861912727356
train,4083,3063,1,pgd,0,0,2,True,True,0.03137260675430298,1.3313665390014648
train,4084,49521,1,fgsm,8,8,6,True,True,0.03137260675430298,1.7061346769332886
train,4085,19974,1,fgsm,0,0,3,True,True,0.03137260675430298,1.7388432025909424
train,4086,42397,1,pgd,5,5,3,True,True,0.03137260675430298,1.3251526355743408
train,4087,47453,1,pgd,1,1,9,True,True,0.03137260675430298,1.3715405464172363
train,4088,9516,1,cw,4,4,3,True,True,0.00499996542930603,0.2421777993440628
train,4089,259,1,cw,8,8,0,True,True,0.01501050591468811,0.4069564640522003
train,4090,32724,1,fgsm,9,9,1,True,True,0.03137260675430298,1.6977674961090088
train,4091,46221,1,fgsm,9,9,3,True,True,0.03137260675430298,1.725164771080017
train,4092,24199,1,fgsm,2,2,4,True,True,0.03137257695198059,1.7388430833816528
train,4093,47112,1,pgd,8,8,6,True,True,0.03137260675430298,1.3761906623840332
train,4094,10167,1,fgsm,4,4,5,True,True,0.03137260675430298,1.738396406173706
train,4095,34298,1,pgd,4,4,3,True,True,0.03137260675430298,1.31971275806427
train,4096,7382,0,clean,4,4,4,True,False,0.0,0.0
train,4097,299,0,clean,4,4,4,True,False,0.0,0.0
train,4098,12395,0,clean,8,8,8,True,False,0.0,0.0
train,4099,9559,0,clean,2,2,2,True,False,0.0,0.0
train,4100,46357,0,clean,1,1,1,True,False,0.0,0.0
train,4101,13628,0,clean,7,7,7,True,False,0.0,0.0
train,4102,7408,0,clean,1,1,1,True,False,0.0,0.0
train,4103,15749,0,clean,1,1,1,True,False,0.0,0.0
train,4104,48913,0,clean,6,6,6,True,False,0.0,0.0
train,4105,13189,0,clean,3,3,3,True,False,0.0,0.0
train,4106,41921,0,clean,6,6,6,True,False,0.0,0.0
train,4107,3745,0,clean,8,8,8,True,False,0.0,0.0
train,4108,27536,0,clean,8,8,8,True,False,0.0,0.0
train,4109,2812,0,clean,2,2,2,True,False,0.0,0.0
train,4110,17872,0,clean,7,7,7,True,False,0.0,0.0
train,4111,23363,0,clean,6,6,6,True,False,0.0,0.0
train,4112,7382,1,cw,4,4,5,True,True,0.00499996542930603,0.21566857397556305
train,4113,299,1,cw,4,4,2,True,True,0.00499996542930603,0.24253422021865845
train,4114,12395,1,cw,8,8,0,True,True,0.009997665882110596,0.38940703868865967
train,4115,9559,1,cw,2,2,0,True,True,0.00499996542930603,0.23093421757221222
train,4116,46357,1,cw,1,1,9,True,True,0.00499996542930603,0.22016549110412598
train,4117,13628,1,fgsm,7,7,9,True,True,0.03137260675430298,1.7244426012039185
train,4118,7408,1,fgsm,1,1,9,True,True,0.03137257695198059,1.531406283378601
train,4119,15749,1,pgd,1,1,9,True,True,0.03137260675430298,1.3883681297302246
train,4120,48913,1,cw,6,6,3,True,True,0.00499996542930603,0.19801245629787445
train,4121,13189,1,pgd,3,3,4,True,True,0.03137257695198059,1.409985065460205
train,4122,41921,1,cw,6,6,2,True,True,0.00499996542930603,0.22413015365600586
train,4123,3745,1,cw,8,8,0,True,True,0.010006099939346313,0.3764195740222931
train,4124,27536,1,pgd,8,8,2,True,True,0.03137260675430298,1.3878746032714844
train,4125,2812,1,pgd,2,2,5,True,True,0.03137257695198059,1.2467793226242065
train,4126,17872,1,cw,7,7,5,True,True,0.027321815490722656,0.36102035641670227
train,4127,23363,1,cw,6,6,4,True,True,0.00499996542930603,0.23916712403297424
train,4128,17394,0,clean,8,8,8,True,False,0.0,0.0
train,4129,29624,0,clean,5,5,5,True,False,0.0,0.0
train,4130,49841,0,clean,7,7,7,True,False,0.0,0.0
train,4131,43103,0,clean,5,5,5,True,False,0.0,0.0
train,4132,22385,0,clean,4,4,4,True,False,0.0,0.0
train,4133,16885,0,clean,9,9,9,True,False,0.0,0.0
train,4134,43088,0,clean,5,5,5,True,False,0.0,0.0
train,4135,31180,0,clean,5,5,5,True,False,0.0,0.0
train,4136,10823,0,clean,7,7,7,True,False,0.0,0.0
train,4137,49892,0,clean,6,6,6,True,False,0.0,0.0
train,4138,10038,0,clean,9,9,9,True,False,0.0,0.0
train,4139,20548,0,clean,6,6,6,True,False,0.0,0.0
train,4140,14547,0,clean,6,6,6,True,False,0.0,0.0
train,4141,14833,0,clean,6,6,6,True,False,0.0,0.0
train,4142,31802,0,clean,2,2,2,True,False,0.0,0.0
train,4143,13421,0,clean,9,9,9,True,False,0.0,0.0
train,4144,17394,1,fgsm,8,8,0,True,True,0.03137260675430298,1.7383166551589966
train,4145,29624,1,fgsm,5,5,4,True,True,0.03137257695198059,1.7388430833816528
train,4146,49841,1,cw,7,7,4,True,True,0.00499996542930603,0.2532772719860077
train,4147,43103,1,fgsm,5,5,3,True,True,0.03137260675430298,1.738586664199829
train,4148,22385,1,fgsm,4,4,3,True,True,0.03137257695198059,1.738476037979126
train,4149,16885,1,fgsm,9,9,2,True,True,0.03137260675430298,1.73668372631073
train,4150,43088,1,pgd,5,5,2,True,True,0.03137260675430298,1.3756191730499268
train,4151,31180,1,fgsm,5,5,2,True,True,0.03137260675430298,1.7388430833816528
train,4152,10823,1,cw,7,7,5,True,True,0.010005533695220947,0.41457486152648926
train,4153,49892,1,fgsm,6,6,3,True,True,0.03137257695198059,1.7388430833816528
train,4154,10038,1,cw,9,9,1,True,True,0.00499996542930603,0.21020516753196716
train,4155,20548,1,fgsm,6,6,4,True,True,0.03137257695198059,1.7388430833816528
train,4156,14547,1,fgsm,6,6,3,True,True,0.03137257695198059,1.7388430833816528
train,4157,14833,1,pgd,6,6,2,True,True,0.03137257695198059,1.4560004472732544
train,4158,31802,1,pgd,2,2,4,True,True,0.03137257695198059,1.3189188241958618
train,4159,13421,1,pgd,9,9,1,True,True,0.03137260675430298,1.389229416847229
train,4160,23776,0,clean,0,0,0,True,False,0.0,0.0
train,4161,39588,0,clean,4,4,4,True,False,0.0,0.0
train,4162,39808,0,clean,6,6,6,True,False,0.0,0.0
train,4163,23830,0,clean,0,0,0,True,False,0.0,0.0
train,4164,25624,0,clean,0,0,0,True,False,0.0,0.0
train,4165,18280,0,clean,5,5,5,True,False,0.0,0.0
train,4166,18023,0,clean,7,7,7,True,False,0.0,0.0
train,4167,19715,0,clean,6,6,6,True,False,0.0,0.0
train,4168,28591,0,clean,9,9,9,True,False,0.0,0.0
train,4169,44610,0,clean,7,7,7,True,False,0.0,0.0
train,4170,3223,0,clean,6,6,6,True,False,0.0,0.0
train,4171,35003,0,clean,7,7,7,True,False,0.0,0.0
train,4172,44761,0,clean,4,4,4,True,False,0.0,0.0
train,4173,18060,0,clean,4,4,4,True,False,0.0,0.0
train,4174,32238,0,clean,5,5,5,True,False,0.0,0.0
train,4175,45930,0,clean,4,4,4,True,False,0.0,0.0
train,4176,23776,1,cw,0,0,2,True,True,0.010005265474319458,0.3388785719871521
train,4177,39588,1,fgsm,4,4,7,True,True,0.03137260675430298,1.73810875415802
train,4178,39808,1,cw,6,6,2,True,True,0.00499996542930603,0.23210887610912323
train,4179,23830,1,pgd,0,0,9,True,True,0.03137260675430298,1.3649712800979614
train,4180,25624,1,fgsm,0,0,2,True,True,0.03137257695198059,1.7367323637008667
train,4181,18280,1,pgd,5,5,7,True,True,0.03137257695198059,1.325548529624939
train,4182,18023,1,cw,7,7,9,True,True,0.010004818439483643,0.41923949122428894
train,4183,19715,1,pgd,6,6,1,True,True,0.03137257695198059,1.3487913608551025
train,4184,28591,1,fgsm,9,9,1,True,True,0.03137260675430298,1.7368032932281494
train,4185,44610,1,pgd,7,7,4,True,True,0.03137260675430298,1.401780128479004
train,4186,3223,1,cw,6,6,2,True,True,0.00499996542930603,0.23636314272880554
train,4187,35003,1,fgsm,7,7,5,True,True,0.03137257695198059,1.7366129159927368
train,4188,44761,1,pgd,4,4,6,True,True,0.03137257695198059,1.3752968311309814
train,4189,18060,1,cw,4,4,3,True,True,0.00499996542930603,0.25851526856422424
train,4190,32238,1,cw,5,5,2,True,True,0.010005354881286621,0.38881534337997437
train,4191,45930,1,fgsm,4,4,7,True,True,0.03137257695198059,1.7319352626800537
train,4192,9337,0,clean,5,5,5,True,False,0.0,0.0
train,4193,34571,0,clean,1,1,1,True,False,0.0,0.0
train,4194,4437,0,clean,3,3,3,True,False,0.0,0.0
train,4195,16332,0,clean,1,1,1,True,False,0.0,0.0
train,4196,20194,0,clean,3,3,3,True,False,0.0,0.0
train,4197,41807,0,clean,1,1,1,True,False,0.0,0.0
train,4198,15552,0,clean,6,6,6,True,False,0.0,0.0
train,4199,20730,0,clean,4,4,4,True,False,0.0,0.0
train,4200,40791,0,clean,2,2,2,True,False,0.0,0.0
train,4201,34317,0,clean,3,3,3,True,False,0.0,0.0
train,4202,6972,0,clean,0,0,0,True,False,0.0,0.0
train,4203,9357,0,clean,3,3,3,True,False,0.0,0.0
train,4204,49834,0,clean,6,6,6,True,False,0.0,0.0
train,4205,34388,0,clean,6,6,6,True,False,0.0,0.0
train,4206,13735,0,clean,2,2,2,True,False,0.0,0.0
train,4207,49831,0,clean,9,9,9,True,False,0.0,0.0
train,4208,9337,1,fgsm,5,5,2,True,True,0.03137260675430298,1.7385953664779663
train,4209,34571,1,pgd,1,1,6,True,True,0.03137260675430298,1.4584910869598389
train,4210,4437,1,fgsm,3,3,5,True,True,0.03137257695198059,1.7388430833816528
train,4211,16332,1,pgd,1,1,8,True,True,0.03137260675430298,1.3939597606658936
train,4212,20194,1,pgd,3,3,7,True,True,0.03137260675430298,1.4266891479492188
train,4213,41807,1,cw,1,1,9,True,True,0.015012085437774658,0.5940220952033997
train,4214,15552,1,cw,6,6,2,True,True,0.03903791308403015,0.4140776991844177
train,4215,20730,1,fgsm,4,4,5,True,True,0.03137260675430298,1.7218186855316162
train,4216,40791,1,cw,2,2,0,True,True,0.010005325078964233,0.41226673126220703
train,4217,34317,1,pgd,3,3,2,True,True,0.03137257695198059,1.4129974842071533
train,4218,6972,1,fgsm,0,0,2,True,True,0.03137260675430298,1.7164063453674316
train,4219,9357,1,pgd,3,3,2,True,True,0.03137260675430298,1.2739895582199097
train,4220,49834,1,pgd,6,6,9,True,True,0.03137257695198059,1.326468586921692
train,4221,34388,1,cw,6,6,4,True,True,0.00499996542930603,0.24514058232307434
train,4222,13735,1,pgd,2,2,5,True,True,0.03137260675430298,1.359589695930481
train,4223,49831,1,cw,9,9,5,True,True,0.00499996542930603,0.23731836676597595
train,4224,21133,0,clean,9,9,9,True,False,0.0,0.0
train,4225,22502,0,clean,6,6,6,True,False,0.0,0.0
train,4226,39856,0,clean,9,9,9,True,False,0.0,0.0
train,4227,10820,0,clean,5,5,5,True,False,0.0,0.0
train,4228,29088,0,clean,1,1,1,True,False,0.0,0.0
train,4229,2311,0,clean,7,7,7,True,False,0.0,0.0
train,4230,31314,0,clean,8,8,8,True,False,0.0,0.0
train,4231,22504,0,clean,8,8,8,True,False,0.0,0.0
train,4232,13287,0,clean,3,3,3,True,False,0.0,0.0
train,4233,29647,0,clean,8,8,8,True,False,0.0,0.0
train,4234,34356,0,clean,7,7,7,True,False,0.0,0.0
train,4235,451,0,clean,6,6,6,True,False,0.0,0.0
train,4236,2036,0,clean,8,8,8,True,False,0.0,0.0
train,4237,28036,0,clean,0,0,0,True,False,0.0,0.0
train,4238,27160,0,clean,9,9,9,True,False,0.0,0.0
train,4239,38764,0,clean,3,3,3,True,False,0.0,0.0
train,4240,21133,1,fgsm,9,9,9,True,False,0.03137260675430298,1.689272165298462
train,4241,22502,1,cw,6,6,9,True,True,0.00499996542930603,0.1714029163122177
train,4242,39856,1,fgsm,9,9,1,True,True,0.03137260675430298,1.7207375764846802
train,4243,10820,1,fgsm,5,5,2,True,True,0.03137257695198059,1.5232555866241455
train,4244,29088,1,pgd,1,1,9,True,True,0.03137260675430298,1.380541443824768
train,4245,2311,1,cw,7,7,1,True,True,0.00499996542930603,0.21323949098587036
train,4246,31314,1,cw,8,8,0,True,True,0.010006338357925415,0.4139792323112488
train,4247,22504,1,fgsm,8,8,0,True,True,0.03137260675430298,1.7185554504394531
train,4248,13287,1,fgsm,3,3,5,True,True,0.03137260675430298,1.7322105169296265
train,4249,29647,1,fgsm,8,8,3,True,True,0.03137260675430298,1.7384804487228394
train,4250,34356,1,pgd,7,7,2,True,True,0.03137260675430298,1.2927024364471436
train,4251,451,1,cw,6,6,3,True,True,0.00499996542930603,0.20300397276878357
train,4252,2036,1,pgd,8,8,6,True,True,0.03137260675430298,1.3113768100738525
train,4253,28036,1,pgd,0,0,9,True,True,0.03137257695198059,1.3793081045150757
train,4254,27160,1,cw,9,9,0,True,True,0.010005384683609009,0.39325395226478577
train,4255,38764,1,cw,3,3,5,True,True,0.010004252195358276,0.3864792287349701
train,4256,11446,0,clean,7,7,7,True,False,0.0,0.0
train,4257,12484,0,clean,4,4,4,True,False,0.0,0.0
train,4258,48854,0,clean,6,6,6,True,False,0.0,0.0
train,4259,44418,0,clean,1,1,1,True,False,0.0,0.0
train,4260,18161,0,clean,4,4,4,True,False,0.0,0.0
train,4261,14561,0,clean,7,7,7,True,False,0.0,0.0
train,4262,37032,0,clean,0,0,0,True,False,0.0,0.0
train,4263,11415,0,clean,2,2,2,True,False,0.0,0.0
train,4264,12365,0,clean,7,7,7,True,False,0.0,0.0
train,4265,22979,0,clean,3,3,3,True,False,0.0,0.0
train,4266,41165,0,clean,8,8,8,True,False,0.0,0.0
train,4267,41650,0,clean,6,6,6,True,False,0.0,0.0
train,4268,38407,0,clean,2,2,2,True,False,0.0,0.0
train,4269,14553,0,clean,6,6,6,True,False,0.0,0.0
train,4270,44691,0,clean,8,8,8,True,False,0.0,0.0
train,4271,4445,0,clean,7,7,7,True,False,0.0,0.0
train,4272,11446,1,cw,7,7,5,True,True,0.010006338357925415,0.3986838757991791
train,4273,12484,1,fgsm,4,4,5,True,True,0.03137260675430298,1.7379673719406128
train,4274,48854,1,cw,6,6,3,True,True,0.03655308485031128,0.5281249284744263
train,4275,44418,1,pgd,1,1,9,True,True,0.03137260675430298,1.3628737926483154
train,4276,18161,1,cw,4,4,3,True,True,0.015020877122879028,0.6286589503288269
train,4277,14561,1,fgsm,7,7,2,True,True,0.03137260675430298,1.627271294593811
train,4278,37032,1,fgsm,0,0,0,True,False,0.03137260675430298,1.7388430833816528
train,4279,11415,1,cw,2,2,0,True,True,0.010000169277191162,0.4306561052799225
train,4280,12365,1,fgsm,7,7,5,True,True,0.03137257695198059,1.7388430833816528
train,4281,22979,1,fgsm,3,3,5,True,True,0.03137257695198059,1.738644003868103
train,4282,41165,1,cw,8,8,0,True,True,0.00499996542930603,0.20439627766609192
train,4283,41650,1,pgd,6,6,5,True,True,0.03137257695198059,1.3796557188034058
train,4284,38407,1,cw,2,2,6,True,True,0.00499996542930603,0.2077867090702057
train,4285,14553,1,pgd,6,6,3,True,True,0.03137257695198059,1.3298369646072388
train,4286,44691,1,pgd,8,8,0,True,True,0.03137260675430298,1.3524510860443115
train,4287,4445,1,pgd,7,7,6,True,True,0.03137260675430298,1.3525482416152954
train,4288,38920,0,clean,7,7,7,True,False,0.0,0.0
train,4289,25220,0,clean,0,0,0,True,False,0.0,0.0
train,4290,12266,0,clean,8,8,8,True,False,0.0,0.0
train,4291,49442,0,clean,9,9,9,True,False,0.0,0.0
train,4292,1782,0,clean,8,8,8,True,False,0.0,0.0
train,4293,7235,0,clean,3,3,3,True,False,0.0,0.0
train,4294,25174,0,clean,2,2,2,True,False,0.0,0.0
train,4295,45484,0,clean,0,0,0,True,False,0.0,0.0
train,4296,12232,0,clean,1,1,1,True,False,0.0,0.0
train,4297,27363,0,clean,7,7,7,True,False,0.0,0.0
train,4298,28411,0,clean,5,5,5,True,False,0.0,0.0
train,4299,28740,0,clean,5,5,5,True,False,0.0,0.0
train,4300,35799,0,clean,1,9,9,False,False,0.0,0.0
train,4301,24158,0,clean,0,0,0,True,False,0.0,0.0
train,4302,40773,0,clean,5,5,5,True,False,0.0,0.0
train,4303,10939,0,clean,6,6,6,True,False,0.0,0.0
train,4304,38920,1,cw,7,7,5,True,True,0.010006248950958252,0.40493589639663696
train,4305,25220,1,pgd,0,0,2,True,True,0.03137260675430298,1.39554762840271
train,4306,12266,1,cw,8,8,3,True,True,0.00499996542930603,0.22441153228282928
train,4307,49442,1,pgd,9,9,8,True,True,0.03137260675430298,1.2887011766433716
train,4308,1782,1,fgsm,8,8,0,True,True,0.03137260675430298,1.7388430833816528
train,4309,7235,1,fgsm,3,3,2,True,True,0.03137260675430298,1.7388430833816528
train,4310,25174,1,fgsm,2,2,5,True,True,0.03137257695198059,1.7388430833816528
train,4311,45484,1,cw,0,0,5,True,True,0.00499996542930603,0.22472403943538666
train,4312,12232,1,fgsm,1,1,8,True,True,0.03137260675430298,1.7252449989318848
train,4313,27363,1,fgsm,7,7,4,True,True,0.03137260675430298,1.7370290756225586
train,4314,28411,1,fgsm,5,5,3,True,True,0.03137260675430298,1.730007290840149
train,4315,28740,1,pgd,5,5,7,True,True,0.03137260675430298,1.3288997411727905
train,4316,35799,1,pgd,1,9,9,False,False,0.03137257695198059,1.3244415521621704
train,4317,24158,1,pgd,0,0,2,True,True,0.03137260675430298,1.3051023483276367
train,4318,40773,1,pgd,5,5,3,True,True,0.03137260675430298,1.4079041481018066
train,4319,10939,1,fgsm,6,6,5,True,True,0.03137260675430298,1.7388430833816528
train,4320,15660,0,clean,4,4,4,True,False,0.0,0.0
train,4321,19592,0,clean,8,8,8,True,False,0.0,0.0
train,4322,23858,0,clean,8,8,8,True,False,0.0,0.0
train,4323,20588,0,clean,4,4,4,True,False,0.0,0.0
train,4324,30601,0,clean,8,8,8,True,False,0.0,0.0
train,4325,32579,0,clean,7,7,7,True,False,0.0,0.0
train,4326,9751,0,clean,0,0,0,True,False,0.0,0.0
train,4327,2492,0,clean,7,7,7,True,False,0.0,0.0
train,4328,6741,0,clean,6,6,6,True,False,0.0,0.0
train,4329,25068,0,clean,7,7,7,True,False,0.0,0.0
train,4330,3426,0,clean,5,5,5,True,False,0.0,0.0
train,4331,48056,0,clean,5,5,5,True,False,0.0,0.0
train,4332,850,0,clean,3,3,3,True,False,0.0,0.0
train,4333,46596,0,clean,3,3,3,True,False,0.0,0.0
train,4334,17510,0,clean,4,4,4,True,False,0.0,0.0
train,4335,24688,0,clean,8,8,8,True,False,0.0,0.0
train,4336,15660,1,fgsm,4,4,2,True,True,0.03137260675430298,1.7388430833816528
train,4337,19592,1,fgsm,8,8,3,True,True,0.03137260675430298,1.738325595855713
train,4338,23858,1,cw,8,8,0,True,True,0.01500961184501648,0.5133600234985352
train,4339,20588,1,pgd,4,4,7,True,True,0.03137257695198059,1.380202293395996
train,4340,30601,1,cw,8,8,0,True,True,0.010006219148635864,0.38338062167167664
train,4341,32579,1,fgsm,7,7,4,True,True,0.03137257695198059,1.7386529445648193
train,4342,9751,1,pgd,0,0,3,True,True,0.03137260675430298,1.3620845079421997
train,4343,2492,1,cw,7,7,5,True,True,0.010006099939346313,0.4135332405567169
train,4344,6741,1,fgsm,6,6,3,True,True,0.03137257695198059,1.7388430833816528
train,4345,25068,1,fgsm,7,7,4,True,True,0.03137257695198059,1.7388430833816528
train,4346,3426,1,cw,5,5,3,True,True,0.01000523567199707,0.37918058037757874
train,4347,48056,1,fgsm,5,5,6,True,True,0.03137260675430298,1.737188458442688
train,4348,850,1,cw,3,3,5,True,True,0.00499996542930603,0.1486469954252243
train,4349,46596,1,pgd,3,3,5,True,True,0.03137260675430298,1.2389466762542725
train,4350,17510,1,fgsm,4,4,2,True,True,0.03137257695198059,1.7388430833816528
train,4351,24688,1,fgsm,8,8,2,True,True,0.03137260675430298,1.73296058177948
train,4352,33491,0,clean,6,6,6,True,False,0.0,0.0
train,4353,21648,0,clean,9,9,9,True,False,0.0,0.0
train,4354,40040,0,clean,9,9,9,True,False,0.0,0.0
train,4355,16131,0,clean,3,3,3,True,False,0.0,0.0
train,4356,37091,0,clean,3,3,3,True,False,0.0,0.0
train,4357,8752,0,clean,7,7,7,True,False,0.0,0.0
train,4358,33016,0,clean,4,4,4,True,False,0.0,0.0
train,4359,47087,0,clean,7,7,7,True,False,0.0,0.0
train,4360,32028,0,clean,2,2,2,True,False,0.0,0.0
train,4361,11855,0,clean,3,3,3,True,False,0.0,0.0
train,4362,4440,0,clean,6,6,6,True,False,0.0,0.0
train,4363,1338,0,clean,0,0,0,True,False,0.0,0.0
train,4364,9041,0,clean,4,4,4,True,False,0.0,0.0
train,4365,11980,0,clean,5,5,5,True,False,0.0,0.0
train,4366,13323,0,clean,1,1,1,True,False,0.0,0.0
train,4367,9278,0,clean,6,6,6,True,False,0.0,0.0
train,4368,33491,1,cw,6,6,3,True,True,0.00499996542930603,0.2277214527130127
train,4369,21648,1,fgsm,9,9,8,True,True,0.03137260675430298,1.7267463207244873
train,4370,40040,1,cw,9,9,1,True,True,0.05716294050216675,0.586602509021759
train,4371,16131,1,fgsm,3,3,5,True,True,0.03137257695198059,1.7263857126235962
train,4372,37091,1,pgd,3,3,5,True,True,0.03137260675430298,1.3380948305130005
train,4373,8752,1,cw,7,7,3,True,True,0.00499996542930603,0.2517876923084259
train,4374,33016,1,pgd,4,4,2,True,True,0.03137260675430298,1.327118992805481
train,4375,47087,1,cw,7,7,4,True,True,0.00499996542930603,0.22915412485599518
train,4376,32028,1,pgd,2,2,5,True,True,0.03137257695198059,1.3534832000732422
train,4377,11855,1,pgd,3,3,5,True,True,0.03137257695198059,1.2980300188064575
train,4378,4440,1,fgsm,6,6,4,True,True,0.03137257695198059,1.7388430833816528
train,4379,1338,1,pgd,0,0,2,True,True,0.03137260675430298,1.3604602813720703
train,4380,9041,1,pgd,4,4,6,True,True,0.03137260675430298,1.3654990196228027
train,4381,11980,1,fgsm,5,5,7,True,True,0.03137260675430298,1.7383743524551392
train,4382,13323,1,fgsm,1,1,9,True,True,0.03137260675430298,1.7316200733184814
train,4383,9278,1,cw,6,6,5,True,True,0.01000472903251648,0.4542785584926605
train,4384,2409,0,clean,6,6,6,True,False,0.0,0.0
train,4385,49372,0,clean,8,8,8,True,False,0.0,0.0
train,4386,45724,0,clean,7,7,7,True,False,0.0,0.0
train,4387,1529,0,clean,6,6,6,True,False,0.0,0.0
train,4388,4222,0,clean,8,8,8,True,False,0.0,0.0
train,4389,16356,0,clean,4,4,4,True,False,0.0,0.0
train,4390,23399,0,clean,8,8,8,True,False,0.0,0.0
train,4391,47670,0,clean,1,1,1,True,False,0.0,0.0
train,4392,17988,0,clean,6,6,6,True,False,0.0,0.0
train,4393,27962,0,clean,0,0,0,True,False,0.0,0.0
train,4394,16472,0,clean,2,2,2,True,False,0.0,0.0
train,4395,28715,0,clean,7,7,7,True,False,0.0,0.0
train,4396,18744,0,clean,1,1,1,True,False,0.0,0.0
train,4397,4769,0,clean,1,1,1,True,False,0.0,0.0
train,4398,34330,0,clean,3,3,3,True,False,0.0,0.0
train,4399,33320,0,clean,5,5,5,True,False,0.0,0.0
train,4400,2409,1,cw,6,6,2,True,True,0.00499996542930603,0.22418838739395142
train,4401,49372,1,pgd,8,8,0,True,True,0.03137257695198059,1.3015947341918945
train,4402,45724,1,cw,7,7,4,True,True,0.00499996542930603,0.21797378361225128
train,4403,1529,1,pgd,6,6,5,True,True,0.03137257695198059,1.3377772569656372
train,4404,4222,1,fgsm,8,8,9,True,True,0.03137260675430298,1.727084755897522
train,4405,16356,1,fgsm,4,4,3,True,True,0.03137257695198059,1.7388430833816528
train,4406,23399,1,cw,8,8,9,True,True,0.010003626346588135,0.34443196654319763
train,4407,47670,1,pgd,1,1,9,True,True,0.03137257695198059,1.4566142559051514
train,4408,17988,1,pgd,6,6,4,True,True,0.03137260675430298,1.3485077619552612
train,4409,27962,1,cw,0,0,9,True,True,0.010006099939346313,0.4146406650543213
train,4410,16472,1,cw,2,2,5,True,True,0.02976253628730774,0.41484761238098145
train,4411,28715,1,cw,7,7,3,True,True,0.01502123475074768,0.4038383364677429
train,4412,18744,1,cw,1,1,9,True,True,0.04172202944755554,0.587876558303833
train,4413,4769,1,cw,1,1,9,True,True,0.030563056468963623,0.36482667922973633
train,4414,34330,1,pgd,3,3,2,True,True,0.03137257695198059,1.3923064470291138
train,4415,33320,1,pgd,5,5,3,True,True,0.03137260675430298,1.3932950496673584
train,4416,16057,0,clean,2,2,2,True,False,0.0,0.0
train,4417,24801,0,clean,3,3,3,True,False,0.0,0.0
train,4418,14518,0,clean,1,1,1,True,False,0.0,0.0
train,4419,6897,0,clean,4,4,4,True,False,0.0,0.0
train,4420,22461,0,clean,4,4,4,True,False,0.0,0.0
train,4421,6992,0,clean,7,7,7,True,False,0.0,0.0
train,4422,43557,0,clean,4,4,4,True,False,0.0,0.0
train,4423,19300,0,clean,7,7,7,True,False,0.0,0.0
train,4424,20965,0,clean,3,3,3,True,False,0.0,0.0
train,4425,25236,0,clean,0,0,0,True,False,0.0,0.0
train,4426,11691,0,clean,0,0,0,True,False,0.0,0.0
train,4427,15612,0,clean,6,6,6,True,False,0.0,0.0
train,4428,32527,0,clean,3,3,3,True,False,0.0,0.0
train,4429,20909,0,clean,8,8,8,True,False,0.0,0.0
train,4430,45973,0,clean,5,5,5,True,False,0.0,0.0
train,4431,33692,0,clean,4,4,4,True,False,0.0,0.0
train,4432,16057,1,pgd,2,2,0,True,True,0.03137260675430298,1.392419457435608
train,4433,24801,1,cw,3,3,5,True,True,0.02330353856086731,0.22381846606731415
train,4434,14518,1,fgsm,1,1,9,True,True,0.03137260675430298,1.7342866659164429
train,4435,6897,1,cw,4,4,5,True,True,0.010005444288253784,0.412399560213089
train,4436,22461,1,cw,4,4,7,True,True,0.00499996542930603,0.24360057711601257
train,4437,6992,1,cw,7,7,5,True,True,0.047679781913757324,0.688513994216919
train,4438,43557,1,fgsm,4,4,3,True,True,0.03137260675430298,1.73805570602417
train,4439,19300,1,cw,7,7,5,True,True,0.015018880367279053,0.5795117020606995
train,4440,20965,1,fgsm,3,3,5,True,True,0.03137260675430298,1.652939796447754
train,4441,25236,1,pgd,0,0,2,True,True,0.03137257695198059,1.231060266494751
train,4442,11691,1,pgd,0,0,4,True,True,0.03137257695198059,1.4007772207260132
train,4443,15612,1,cw,6,6,0,True,True,0.00499996542930603,0.24363479018211365
train,4444,32527,1,cw,3,3,0,True,True,0.00499996542930603,0.2270302176475525
train,4445,20909,1,cw,8,8,0,True,True,0.015015453100204468,0.48446783423423767
train,4446,45973,1,fgsm,5,5,4,True,True,0.03137260675430298,1.7388430833816528
train,4447,33692,1,cw,4,4,3,True,True,0.010004699230194092,0.34569957852363586
train,4448,38439,0,clean,2,2,2,True,False,0.0,0.0
train,4449,29742,0,clean,2,2,2,True,False,0.0,0.0
train,4450,47748,0,clean,7,7,7,True,False,0.0,0.0
train,4451,26373,0,clean,9,9,9,True,False,0.0,0.0
train,4452,30060,0,clean,3,3,3,True,False,0.0,0.0
train,4453,5876,0,clean,3,3,3,True,False,0.0,0.0
train,4454,9157,0,clean,0,0,0,True,False,0.0,0.0
train,4455,3164,0,clean,2,2,2,True,False,0.0,0.0
train,4456,43393,0,clean,7,7,7,True,False,0.0,0.0
train,4457,49172,0,clean,5,5,5,True,False,0.0,0.0
train,4458,26070,0,clean,2,2,2,True,False,0.0,0.0
train,4459,25257,0,clean,3,3,3,True,False,0.0,0.0
train,4460,45878,0,clean,6,6,6,True,False,0.0,0.0
train,4461,11012,0,clean,2,2,2,True,False,0.0,0.0
train,4462,28349,0,clean,4,4,4,True,False,0.0,0.0
train,4463,38362,0,clean,8,8,8,True,False,0.0,0.0
train,4464,38439,1,pgd,2,2,6,True,True,0.03137257695198059,1.253124475479126
train,4465,29742,1,pgd,2,2,0,True,True,0.03137257695198059,1.2852110862731934
train,4466,47748,1,cw,7,7,5,True,True,0.030650556087493896,0.4340362548828125
train,4467,26373,1,pgd,9,9,5,True,True,0.03137257695198059,1.3266632556915283
train,4468,30060,1,fgsm,3,3,4,True,True,0.03137260675430298,1.654376745223999
train,4469,5876,1,pgd,3,3,4,True,True,0.03137257695198059,1.1929688453674316
train,4470,9157,1,pgd,0,0,2,True,True,0.03137260675430298,1.3682546615600586
train,4471,3164,1,fgsm,2,2,6,True,True,0.03137257695198059,1.7388430833816528
train,4472,43393,1,cw,7,7,5,True,True,0.015010923147201538,0.5593537092208862
train,4473,49172,1,cw,5,5,3,True,True,0.00499996542930603,0.2198581099510193
train,4474,26070,1,pgd,2,2,5,True,True,0.03137260675430298,1.3455873727798462
train,4475,25257,1,pgd,3,3,4,True,True,0.03137260675430298,1.2699291706085205
train,4476,45878,1,fgsm,6,6,6,True,False,0.03137257695198059,1.7377283573150635
train,4477,11012,1,fgsm,2,2,9,True,True,0.03137257695198059,1.738343358039856
train,4478,28349,1,cw,4,4,3,True,True,0.010000914335250854,0.3418305516242981
train,4479,38362,1,pgd,8,8,9,True,True,0.03137260675430298,1.3247747421264648
train,4480,23704,0,clean,6,6,6,True,False,0.0,0.0
train,4481,40121,0,clean,4,4,4,True,False,0.0,0.0
train,4482,28376,0,clean,9,9,9,True,False,0.0,0.0
train,4483,49092,0,clean,0,0,0,True,False,0.0,0.0
train,4484,2959,0,clean,0,0,0,True,False,0.0,0.0
train,4485,40467,0,clean,5,3,3,False,False,0.0,0.0
train,4486,21832,0,clean,3,3,3,True,False,0.0,0.0
train,4487,17058,0,clean,3,3,3,True,False,0.0,0.0
train,4488,28735,0,clean,7,7,7,True,False,0.0,0.0
train,4489,44600,0,clean,6,6,6,True,False,0.0,0.0
train,4490,47372,0,clean,7,7,7,True,False,0.0,0.0
train,4491,27446,0,clean,4,4,4,True,False,0.0,0.0
train,4492,6,0,clean,2,2,2,True,False,0.0,0.0
train,4493,42897,0,clean,8,8,8,True,False,0.0,0.0
train,4494,11929,0,clean,3,3,3,True,False,0.0,0.0
train,4495,21251,0,clean,4,4,4,True,False,0.0,0.0
train,4496,23704,1,cw,6,6,3,True,True,0.01000639796257019,0.46570050716400146
train,4497,40121,1,pgd,4,4,2,True,True,0.03137257695198059,1.3322663307189941
train,4498,28376,1,cw,9,9,8,True,True,0.042614132165908813,0.4742323160171509
train,4499,49092,1,fgsm,0,0,8,True,True,0.03137260675430298,1.7385777235031128
train,4500,2959,1,cw,0,0,9,True,True,0.00499996542930603,0.17413602769374847
train,4501,40467,1,fgsm,5,3,3,False,False,0.03137257695198059,1.7387192249298096
train,4502,21832,1,pgd,3,3,4,True,True,0.03137257695198059,1.4012404680252075
train,4503,17058,1,pgd,3,3,4,True,True,0.03137260675430298,1.4086017608642578
train,4504,28735,1,cw,7,7,2,True,True,0.015023022890090942,0.5878031849861145
train,4505,44600,1,fgsm,6,6,3,True,True,0.03137260675430298,1.737321138381958
train,4506,47372,1,cw,7,7,4,True,True,0.04482361674308777,0.681708812713623
train,4507,27446,1,fgsm,4,4,7,True,True,0.03137257695198059,1.7248170375823975
train,4508,6,1,cw,2,2,0,True,True,0.010005533695220947,0.4270339906215668
train,4509,42897,1,cw,8,8,1,True,True,0.030093103647232056,0.6980088353157043
train,4510,11929,1,pgd,3,3,5,True,True,0.03137257695198059,1.3028823137283325
train,4511,21251,1,cw,4,4,2,True,True,0.010005533695220947,0.3941483497619629
train,4512,21918,0,clean,7,7,7,True,False,0.0,0.0
train,4513,11327,0,clean,8,8,8,True,False,0.0,0.0
train,4514,48935,0,clean,5,5,5,True,False,0.0,0.0
train,4515,10948,0,clean,3,3,3,True,False,0.0,0.0
train,4516,5572,0,clean,1,1,1,True,False,0.0,0.0
train,4517,47416,0,clean,5,5,5,True,False,0.0,0.0
train,4518,36941,0,clean,1,1,1,True,False,0.0,0.0
train,4519,3377,0,clean,4,4,4,True,False,0.0,0.0
train,4520,49909,0,clean,6,6,6,True,False,0.0,0.0
train,4521,8924,0,clean,7,7,7,True,False,0.0,0.0
train,4522,23667,0,clean,0,0,0,True,False,0.0,0.0
train,4523,45117,0,clean,3,3,3,True,False,0.0,0.0
train,4524,12936,0,clean,0,0,0,True,False,0.0,0.0
train,4525,39347,0,clean,5,5,5,True,False,0.0,0.0
train,4526,31294,0,clean,2,2,2,True,False,0.0,0.0
train,4527,22744,0,clean,4,4,4,True,False,0.0,0.0
train,4528,21918,1,pgd,7,7,6,True,True,0.03137257695198059,1.331164836883545
train,4529,11327,1,fgsm,8,8,0,True,True,0.03137260675430298,1.7382415533065796
train,4530,48935,1,pgd,5,5,7,True,True,0.03137260675430298,1.4143465757369995
train,4531,10948,1,cw,3,3,5,True,True,0.010005742311477661,0.37300044298171997
train,4532,5572,1,fgsm,1,1,9,True,True,0.03137257695198059,1.7367546558380127
train,4533,47416,1,pgd,5,5,3,True,True,0.03137260675430298,1.33818781375885
train,4534,36941,1,pgd,1,1,9,True,True,0.03137260675430298,1.3920725584030151
train,4535,3377,1,pgd,4,4,2,True,True,0.03137257695198059,1.2654364109039307
train,4536,49909,1,pgd,6,6,1,True,True,0.03137257695198059,1.38150155544281
train,4537,8924,1,cw,7,7,4,True,True,0.00499996542930603,0.24763266742229462
train,4538,23667,1,pgd,0,0,8,True,True,0.03137260675430298,1.4415415525436401
train,4539,45117,1,pgd,3,3,4,True,True,0.03137260675430298,1.3365240097045898
train,4540,12936,1,fgsm,0,0,4,True,True,0.03137260675430298,1.6972147226333618
train,4541,39347,1,fgsm,5,5,3,True,True,0.03137257695198059,1.7383962869644165
train,4542,31294,1,cw,2,2,0,True,True,0.010004669427871704,0.4088122546672821
train,4543,22744,1,pgd,4,4,5,True,True,0.03137257695198059,1.4169583320617676
train,4544,38800,0,clean,8,8,8,True,False,0.0,0.0
train,4545,46945,0,clean,0,0,0,True,False,0.0,0.0
train,4546,17559,0,clean,2,2,2,True,False,0.0,0.0
train,4547,18223,0,clean,1,1,1,True,False,0.0,0.0
train,4548,42923,0,clean,6,6,6,True,False,0.0,0.0
train,4549,2344,0,clean,8,8,8,True,False,0.0,0.0
train,4550,28186,0,clean,4,4,4,True,False,0.0,0.0
train,4551,35822,0,clean,5,5,5,True,False,0.0,0.0
train,4552,10785,0,clean,8,8,8,True,False,0.0,0.0
train,4553,39744,0,clean,2,2,2,True,False,0.0,0.0
train,4554,19467,0,clean,7,7,7,True,False,0.0,0.0
train,4555,9366,0,clean,8,8,8,True,False,0.0,0.0
train,4556,47421,0,clean,0,0,0,True,False,0.0,0.0
train,4557,8795,0,clean,5,5,5,True,False,0.0,0.0
train,4558,14832,0,clean,8,8,8,True,False,0.0,0.0
train,4559,40705,0,clean,4,4,4,True,False,0.0,0.0
train,4560,38800,1,pgd,8,8,3,True,True,0.03137260675430298,1.40391206741333
train,4561,46945,1,pgd,0,0,4,True,True,0.03137260675430298,1.4177058935165405
train,4562,17559,1,pgd,2,2,3,True,True,0.03137260675430298,1.3151774406433105
train,4563,18223,1,cw,1,1,9,True,True,0.00499996542930603,0.22630546987056732
train,4564,42923,1,pgd,6,6,3,True,True,0.03137260675430298,1.3140814304351807
train,4565,2344,1,cw,8,8,0,True,True,0.010006040334701538,0.37602171301841736
train,4566,28186,1,cw,4,4,3,True,True,0.010005980730056763,0.36997705698013306
train,4567,35822,1,cw,5,5,3,True,True,0.034204065799713135,0.3840493857860565
train,4568,10785,1,fgsm,8,8,1,True,True,0.03137260675430298,1.7332135438919067
train,4569,39744,1,fgsm,2,2,3,True,True,0.03137257695198059,1.7204560041427612
train,4570,19467,1,pgd,7,7,5,True,True,0.03137260675430298,1.4586787223815918
train,4571,9366,1,cw,8,8,3,True,True,0.05047494173049927,0.7801147699356079
train,4572,47421,1,pgd,0,0,8,True,True,0.03137260675430298,1.4194082021713257
train,4573,8795,1,fgsm,5,5,3,True,True,0.03137260675430298,1.7238448858261108
train,4574,14832,1,pgd,8,8,6,True,True,0.03137260675430298,1.342118501663208
train,4575,40705,1,fgsm,4,4,7,True,True,0.03137260675430298,1.7385599613189697
train,4576,26620,0,clean,9,9,9,True,False,0.0,0.0
train,4577,46435,0,clean,8,8,8,True,False,0.0,0.0
train,4578,19175,0,clean,8,8,8,True,False,0.0,0.0
train,4579,5748,0,clean,7,7,7,True,False,0.0,0.0
train,4580,11354,0,clean,2,2,2,True,False,0.0,0.0
train,4581,40842,0,clean,4,4,4,True,False,0.0,0.0
train,4582,19709,0,clean,9,9,9,True,False,0.0,0.0
train,4583,26119,0,clean,2,2,2,True,False,0.0,0.0
train,4584,2976,0,clean,4,4,4,True,False,0.0,0.0
train,4585,14585,0,clean,0,0,0,True,False,0.0,0.0
train,4586,48772,0,clean,3,3,3,True,False,0.0,0.0
train,4587,17656,0,clean,5,5,5,True,False,0.0,0.0
train,4588,44416,0,clean,8,8,8,True,False,0.0,0.0
train,4589,12072,0,clean,0,0,0,True,False,0.0,0.0
train,4590,44312,0,clean,5,5,5,True,False,0.0,0.0
train,4591,16550,0,clean,7,7,7,True,False,0.0,0.0
train,4592,26620,1,fgsm,9,9,1,True,True,0.03137257695198059,1.7357714176177979
train,4593,46435,1,pgd,8,8,1,True,True,0.03137260675430298,1.2695624828338623
train,4594,19175,1,cw,8,8,0,True,True,0.0100058913230896,0.3478730320930481
train,4595,5748,1,pgd,7,7,4,True,True,0.03137257695198059,1.443397879600525
train,4596,11354,1,pgd,2,2,4,True,True,0.03137257695198059,1.3971048593521118
train,4597,40842,1,cw,4,4,2,True,True,0.00499996542930603,0.23423859477043152
train,4598,19709,1,cw,9,9,1,True,True,0.03214094042778015,0.3190578818321228
train,4599,26119,1,fgsm,2,2,8,True,True,0.03137260675430298,1.7388430833816528
train,4600,2976,1,fgsm,4,4,3,True,True,0.03137257695198059,1.7378123998641968
train,4601,14585,1,cw,0,0,8,True,True,0.029542237520217896,0.40267515182495117
train,4602,48772,1,cw,3,3,6,True,True,0.00499996542930603,0.20911353826522827
train,4603,17656,1,cw,5,5,3,True,True,0.010005444288253784,0.3567267656326294
train,4604,44416,1,pgd,8,8,6,True,True,0.03137260675430298,1.4499846696853638
train,4605,12072,1,fgsm,0,0,8,True,True,0.03137260675430298,1.7323702573776245
train,4606,44312,1,fgsm,5,5,3,True,True,0.03137260675430298,1.718161702156067
train,4607,16550,1,cw,7,7,3,True,True,0.00499996542930603,0.23459088802337646
train,4608,24440,0,clean,5,5,5,True,False,0.0,0.0
train,4609,15216,0,clean,7,7,7,True,False,0.0,0.0
train,4610,22571,0,clean,2,2,2,True,False,0.0,0.0
train,4611,41972,0,clean,2,2,2,True,False,0.0,0.0
train,4612,44326,0,clean,7,7,7,True,False,0.0,0.0
train,4613,43912,0,clean,6,6,6,True,False,0.0,0.0
train,4614,38249,0,clean,7,7,7,True,False,0.0,0.0
train,4615,34409,0,clean,9,9,9,True,False,0.0,0.0
train,4616,30638,0,clean,4,4,4,True,False,0.0,0.0
train,4617,18706,0,clean,0,0,0,True,False,0.0,0.0
train,4618,49214,0,clean,6,6,6,True,False,0.0,0.0
train,4619,14298,0,clean,5,5,5,True,False,0.0,0.0
train,4620,12613,0,clean,9,9,9,True,False,0.0,0.0
train,4621,23347,0,clean,2,2,2,True,False,0.0,0.0
train,4622,24044,0,clean,1,1,1,True,False,0.0,0.0
train,4623,13277,0,clean,1,1,1,True,False,0.0,0.0
train,4624,24440,1,cw,5,5,3,True,True,0.00499996542930603,0.1488361656665802
train,4625,15216,1,cw,7,7,5,True,True,0.010006338357925415,0.37484845519065857
train,4626,22571,1,pgd,2,2,3,True,True,0.03137260675430298,1.3043625354766846
train,4627,41972,1,cw,2,2,6,True,True,0.00499996542930603,0.2419583797454834
train,4628,44326,1,fgsm,7,7,5,True,True,0.03137257695198059,1.7353638410568237
train,4629,43912,1,pgd,6,6,3,True,True,0.03137257695198059,1.3717308044433594
train,4630,38249,1,fgsm,7,7,4,True,True,0.03137260675430298,1.7383034229278564
train,4631,34409,1,pgd,9,9,1,True,True,0.03137260675430298,1.3349336385726929
train,4632,30638,1,fgsm,4,4,5,True,True,0.03137257695198059,1.7388430833816528
train,4633,18706,1,pgd,0,0,8,True,True,0.03137260675430298,1.3496959209442139
train,4634,49214,1,fgsm,6,6,3,True,True,0.03137260675430298,1.7343133687973022
train,4635,14298,1,pgd,5,5,3,True,True,0.03137260675430298,1.3706539869308472
train,4636,12613,1,fgsm,9,9,3,True,True,0.03137257695198059,1.718971610069275
train,4637,23347,1,pgd,2,2,7,True,True,0.03137260675430298,1.4146175384521484
train,4638,24044,1,pgd,1,1,9,True,True,0.03137260675430298,1.3345476388931274
train,4639,13277,1,cw,1,1,8,True,True,0.00499996542930603,0.2252870798110962
train,4640,38438,0,clean,6,6,6,True,False,0.0,0.0
train,4641,25289,0,clean,4,4,4,True,False,0.0,0.0
train,4642,47947,0,clean,8,8,8,True,False,0.0,0.0
train,4643,33610,0,clean,4,4,4,True,False,0.0,0.0
train,4644,36082,0,clean,5,5,5,True,False,0.0,0.0
train,4645,25613,0,clean,7,7,7,True,False,0.0,0.0
train,4646,46103,0,clean,7,7,7,True,False,0.0,0.0
train,4647,46915,0,clean,6,6,6,True,False,0.0,0.0
train,4648,27278,0,clean,0,0,0,True,False,0.0,0.0
train,4649,46062,0,clean,3,3,3,True,False,0.0,0.0
train,4650,7943,0,clean,9,9,9,True,False,0.0,0.0
train,4651,43409,0,clean,8,8,8,True,False,0.0,0.0
train,4652,35433,0,clean,9,9,9,True,False,0.0,0.0
train,4653,30636,0,clean,0,0,0,True,False,0.0,0.0
train,4654,31824,0,clean,9,9,9,True,False,0.0,0.0
train,4655,36781,0,clean,3,3,3,True,False,0.0,0.0
train,4656,38438,1,cw,6,6,3,True,True,0.00499996542930603,0.23433680832386017
train,4657,25289,1,cw,4,4,2,True,True,0.015017390251159668,0.5674082636833191
train,4658,47947,1,cw,8,8,7,True,True,0.010005831718444824,0.3791365623474121
train,4659,33610,1,pgd,4,4,6,True,True,0.03137257695198059,1.2818409204483032
train,4660,36082,1,cw,5,5,3,True,True,0.00499996542930603,0.2479509711265564
train,4661,25613,1,cw,7,7,3,True,True,0.04854276776313782,0.6740393042564392
train,4662,46103,1,pgd,7,7,5,True,True,0.03137260675430298,1.409999132156372
train,4663,46915,1,pgd,6,6,9,True,True,0.03137260675430298,1.4270451068878174
train,4664,27278,1,fgsm,0,0,2,True,True,0.03137257695198059,1.7388430833816528
train,4665,46062,1,fgsm,3,3,4,True,True,0.03137260675430298,1.7378610372543335
train,4666,7943,1,fgsm,9,9,8,True,True,0.03137260675430298,1.6960636377334595
train,4667,43409,1,fgsm,8,8,3,True,True,0.03137260675430298,1.7280460596084595
train,4668,35433,1,fgsm,9,9,7,True,True,0.03137260675430298,1.7338566780090332
train,4669,30636,1,pgd,0,0,2,True,True,0.03137257695198059,1.3196839094161987
train,4670,31824,1,pgd,9,9,5,True,True,0.03137260675430298,1.399233341217041
train,4671,36781,1,pgd,3,3,7,True,True,0.03137260675430298,1.4239152669906616
train,4672,22646,0,clean,4,4,4,True,False,0.0,0.0
train,4673,713,0,clean,0,0,0,True,False,0.0,0.0
train,4674,44131,0,clean,6,6,6,True,False,0.0,0.0
train,4675,26397,0,clean,7,7,7,True,False,0.0,0.0
train,4676,25581,0,clean,0,0,0,True,False,0.0,0.0
train,4677,39068,0,clean,6,6,6,True,False,0.0,0.0
train,4678,6236,0,clean,2,2,2,True,False,0.0,0.0
train,4679,29065,0,clean,4,4,4,True,False,0.0,0.0
train,4680,40496,0,clean,4,4,4,True,False,0.0,0.0
train,4681,29720,0,clean,6,6,6,True,False,0.0,0.0
train,4682,31838,0,clean,9,9,9,True,False,0.0,0.0
train,4683,29585,0,clean,9,9,9,True,False,0.0,0.0
train,4684,10247,0,clean,4,4,4,True,False,0.0,0.0
train,4685,37177,0,clean,0,0,0,True,False,0.0,0.0
train,4686,48743,0,clean,9,9,9,True,False,0.0,0.0
train,4687,41018,0,clean,2,2,2,True,False,0.0,0.0
train,4688,22646,1,fgsm,4,4,7,True,True,0.03137260675430298,1.7010071277618408
train,4689,713,1,fgsm,0,0,6,True,True,0.03137260675430298,1.7388430833816528
train,4690,44131,1,pgd,6,6,3,True,True,0.03137257695198059,1.3606853485107422
train,4691,26397,1,fgsm,7,7,1,True,True,0.03137260675430298,1.7336260080337524
train,4692,25581,1,fgsm,0,0,9,True,True,0.03137260675430298,1.726332187652588
train,4693,39068,1,fgsm,6,6,4,True,True,0.03137260675430298,1.7380379438400269
train,4694,6236,1,pgd,2,2,4,True,True,0.03137260675430298,1.385914921760559
train,4695,29065,1,pgd,4,4,7,True,True,0.03137257695198059,1.2697232961654663
train,4696,40496,1,cw,4,4,2,True,True,0.00499996542930603,0.2526612877845764
train,4697,29720,1,cw,6,6,4,True,True,0.00499996542930603,0.2537649869918823
train,4698,31838,1,cw,9,9,1,True,True,0.01501414179801941,0.5214312076568604
train,4699,29585,1,fgsm,9,9,4,True,True,0.03137260675430298,1.7256594896316528
train,4700,10247,1,fgsm,4,4,3,True,True,0.03137260675430298,1.7388430833816528
train,4701,37177,1,pgd,0,0,8,True,True,0.03137260675430298,1.3979508876800537
train,4702,48743,1,cw,9,9,8,True,True,0.00499996542930603,0.21152614057064056
train,4703,41018,1,pgd,2,2,7,True,True,0.03137260675430298,1.3361945152282715
train,4704,44306,0,clean,5,5,5,True,False,0.0,0.0
train,4705,28442,0,clean,5,5,5,True,False,0.0,0.0
train,4706,30317,0,clean,2,2,2,True,False,0.0,0.0
train,4707,2455,0,clean,1,1,1,True,False,0.0,0.0
train,4708,23361,0,clean,1,1,1,True,False,0.0,0.0
train,4709,13772,0,clean,4,4,4,True,False,0.0,0.0
train,4710,33217,0,clean,1,1,1,True,False,0.0,0.0
train,4711,35520,0,clean,9,9,9,True,False,0.0,0.0
train,4712,12007,0,clean,3,3,3,True,False,0.0,0.0
train,4713,23592,0,clean,6,6,6,True,False,0.0,0.0
train,4714,33716,0,clean,8,8,8,True,False,0.0,0.0
train,4715,25226,0,clean,7,7,7,True,False,0.0,0.0
train,4716,30559,0,clean,4,4,4,True,False,0.0,0.0
train,4717,12643,0,clean,1,1,1,True,False,0.0,0.0
train,4718,14145,0,clean,1,1,1,True,False,0.0,0.0
train,4719,23164,0,clean,1,1,1,True,False,0.0,0.0
train,4720,44306,1,cw,5,5,3,True,True,0.00499996542930603,0.23406901955604553
train,4721,28442,1,fgsm,5,5,3,True,True,0.03137260675430298,1.703292965888977
train,4722,30317,1,cw,2,2,0,True,True,0.010003119707107544,0.420831561088562
train,4723,2455,1,pgd,1,1,9,True,True,0.03137260675430298,1.3237131834030151
train,4724,23361,1,cw,1,1,9,True,True,0.01502266526222229,0.5508992671966553
train,4725,13772,1,pgd,4,4,3,True,True,0.03137260675430298,1.3378273248672485
train,4726,33217,1,fgsm,1,1,0,True,True,0.03137260675430298,1.5622172355651855
train,4727,35520,1,fgsm,9,9,6,True,True,0.03137260675430298,1.7353992462158203
train,4728,12007,1,fgsm,3,3,5,True,True,0.03137260675430298,1.7218632698059082
train,4729,23592,1,fgsm,6,6,2,True,True,0.03137260675430298,1.59477698802948
train,4730,33716,1,pgd,8,8,4,True,True,0.03137260675430298,1.308704137802124
train,4731,25226,1,fgsm,7,7,6,True,True,0.03137257695198059,1.7388430833816528
train,4732,30559,1,fgsm,4,4,2,True,True,0.03137257695198059,1.7388430833816528
train,4733,12643,1,cw,1,1,9,True,True,0.02001705765724182,0.7887749075889587
train,4734,14145,1,pgd,1,1,2,True,True,0.03137260675430298,1.4531406164169312
train,4735,23164,1,pgd,1,1,9,True,True,0.03137260675430298,1.3360536098480225
train,4736,15724,0,clean,5,5,5,True,False,0.0,0.0
train,4737,4782,0,clean,7,7,7,True,False,0.0,0.0
train,4738,13879,0,clean,2,2,2,True,False,0.0,0.0
train,4739,16690,0,clean,2,2,2,True,False,0.0,0.0
train,4740,36591,0,clean,1,1,1,True,False,0.0,0.0
train,4741,4655,0,clean,0,0,0,True,False,0.0,0.0
train,4742,32069,0,clean,4,4,4,True,False,0.0,0.0
train,4743,12068,0,clean,5,5,5,True,False,0.0,0.0
train,4744,20466,0,clean,8,8,8,True,False,0.0,0.0
train,4745,5565,0,clean,5,5,5,True,False,0.0,0.0
train,4746,8812,0,clean,1,1,1,True,False,0.0,0.0
train,4747,28475,0,clean,5,5,5,True,False,0.0,0.0
train,4748,27129,0,clean,1,1,1,True,False,0.0,0.0
train,4749,13294,0,clean,9,9,9,True,False,0.0,0.0
train,4750,31901,0,clean,5,5,5,True,False,0.0,0.0
train,4751,26601,0,clean,1,1,1,True,False,0.0,0.0
train,4752,15724,1,pgd,5,5,3,True,True,0.03137260675430298,1.412909984588623
train,4753,4782,1,cw,7,7,3,True,True,0.01000627875328064,0.30292969942092896
train,4754,13879,1,fgsm,2,2,3,True,True,0.03137257695198059,1.7388430833816528
train,4755,16690,1,pgd,2,2,3,True,True,0.03137257695198059,1.3357086181640625
train,4756,36591,1,pgd,1,1,9,True,True,0.03137257695198059,1.337215542793274
train,4757,4655,1,fgsm,0,0,2,True,True,0.03137260675430298,1.7127918004989624
train,4758,32069,1,cw,4,4,2,True,True,0.00499996542930603,0.2447066307067871
train,4759,12068,1,cw,5,5,3,True,True,0.010006338357925415,0.4322947859764099
train,4760,20466,1,cw,8,8,9,True,True,0.010006040334701538,0.39604452252388
train,4761,5565,1,fgsm,5,5,3,True,True,0.03137257695198059,1.7307095527648926
train,4762,8812,1,cw,1,1,9,True,True,0.015019029378890991,0.5339149236679077
train,4763,28475,1,cw,5,5,3,True,True,0.03157728910446167,0.38671883940696716
train,4764,27129,1,fgsm,1,1,9,True,True,0.03137257695198059,1.735846757888794
train,4765,13294,1,pgd,9,9,1,True,True,0.03137260675430298,1.4199975728988647
train,4766,31901,1,fgsm,5,5,3,True,True,0.03137260675430298,1.7210056781768799
train,4767,26601,1,fgsm,1,1,9,True,True,0.03137257695198059,1.7388430833816528
train,4768,34832,0,clean,1,1,1,True,False,0.0,0.0
train,4769,504,0,clean,0,0,0,True,False,0.0,0.0
train,4770,49339,0,clean,0,0,0,True,False,0.0,0.0
train,4771,43709,0,clean,0,0,0,True,False,0.0,0.0
train,4772,15814,0,clean,1,1,1,True,False,0.0,0.0
train,4773,47617,0,clean,0,0,0,True,False,0.0,0.0
train,4774,31035,0,clean,2,2,2,True,False,0.0,0.0
train,4775,30936,0,clean,9,9,9,True,False,0.0,0.0
train,4776,28303,0,clean,6,6,6,True,False,0.0,0.0
train,4777,26174,0,clean,5,5,5,True,False,0.0,0.0
train,4778,13044,0,clean,1,1,1,True,False,0.0,0.0
train,4779,39156,0,clean,9,9,9,True,False,0.0,0.0
train,4780,35939,0,clean,1,1,1,True,False,0.0,0.0
train,4781,9558,0,clean,2,2,2,True,False,0.0,0.0
train,4782,13854,0,clean,8,8,8,True,False,0.0,0.0
train,4783,23939,0,clean,6,4,4,False,False,0.0,0.0
train,4784,34832,1,cw,1,1,9,True,True,0.010006040334701538,0.3614303767681122
train,4785,504,1,pgd,0,0,3,True,True,0.03137260675430298,1.299106478691101
train,4786,49339,1,pgd,0,0,8,True,True,0.03137260675430298,1.385357141494751
train,4787,43709,1,cw,0,0,4,True,True,0.00499996542930603,0.2224721759557724
train,4788,15814,1,cw,1,1,8,True,True,0.00499996542930603,0.2437172532081604
train,4789,47617,1,pgd,0,0,8,True,True,0.03137260675430298,1.3016388416290283
train,4790,31035,1,fgsm,2,2,3,True,True,0.03137260675430298,1.7130208015441895
train,4791,30936,1,cw,9,9,1,True,True,0.03959539532661438,0.4974616765975952
train,4792,28303,1,pgd,6,6,3,True,True,0.03137257695198059,1.441048264503479
train,4793,26174,1,cw,5,5,7,True,True,0.01000550389289856,0.3925188481807709
train,4794,13044,1,pgd,1,1,0,True,True,0.03137257695198059,1.4071003198623657
train,4795,39156,1,cw,9,9,1,True,True,0.020004749298095703,0.6856166124343872
train,4796,35939,1,pgd,1,1,9,True,True,0.03137257695198059,1.3509981632232666
train,4797,9558,1,pgd,2,2,6,True,True,0.03137257695198059,1.423781156539917
train,4798,13854,1,fgsm,8,8,2,True,True,0.03137260675430298,1.6722856760025024
train,4799,23939,1,fgsm,6,4,4,False,False,0.03137257695198059,1.7388430833816528
